{
	"type" : "FeatureCollection",
	"name" : "cool_space_sites_2025",
	"features" : [
		{
			"type" : "Feature",
			"geometry" : {
				"type" : "Point",
				"coordinates" : [ 0.010439996, 51.516829995 ]
			},
			"properties" : {
				"objectid" : 147,
				"Approve" : "Yes",
				"cs_address_one" : "18 Rathbone Market",
				"cs_address_two" : null,
				"cs_borough" : "Newham",
				"cs_cooling_facilities" : "Air conditioning",
				"cs_cooling_facilities_other" : null,
				"cs_heat_vulnerable" : " young children, older people, pregnant women ",
				"cs_heat_vulnerable_other" : null,
				"cs_indoor_site_id" : 18,
				"cs_max_seating" : 20,
				"cs_name" : "Canning Town Library",
				"cs_opening_hours" : "Monday - Saturday -9am-8pm, Sunday closed, Public Holidays - Closed ",
				"cs_postcode" : null,
				"cs_toilets_available" : "Available on site",
				"cs_wheelchair_access" : "Yes",
				"has_drinking_water" : "Yes",
				"has_seating" : "Yes",
				"indoor_cooling_temp" : "Indoor temperature of 26C or less",
				"is_free_of_charge" : "yes",
				"is_staffed_when_open" : "Yes",
				"org_name" : "London Borough of Newham",
				"runtime" : 20250530,
				"Tier" : "Tier 1",
				"x" : 539591.148589041,
				"y" : 181682.996458953
			}
		},
		{
			"type" : "Feature",
			"geometry" : {
				"type" : "Point",
				"coordinates" : [ 0.05591, 51.51527 ]
			},
			"properties" : {
				"objectid" : 143,
				"Approve" : "Yes",
				"cs_address_one" : "1 Kingsford Way",
				"cs_address_two" : null,
				"cs_borough" : "Newham",
				"cs_cooling_facilities" : "Air conditioning",
				"cs_cooling_facilities_other" : null,
				"cs_heat_vulnerable" : " young children, older people, pregnant women ",
				"cs_heat_vulnerable_other" : null,
				"cs_indoor_site_id" : 12,
				"cs_max_seating" : 10,
				"cs_name" : "Beckton Library",
				"cs_opening_hours" : "Monday - Saturday -10am-8pm, Sunday closed, Public Holidays - Closed ",
				"cs_postcode" : null,
				"cs_toilets_available" : "Available on site",
				"cs_wheelchair_access" : "Yes",
				"has_drinking_water" : "Yes",
				"has_seating" : "Yes",
				"indoor_cooling_temp" : "Indoor temperature of 26C or less",
				"is_free_of_charge" : "yes",
				"is_staffed_when_open" : "Yes",
				"org_name" : "London Borough of Newham",
				"runtime" : 20250530,
				"Tier" : "Tier 1",
				"x" : 542750.723506577,
				"y" : 181597.240772461
			}
		},
		{
			"type" : "Feature",
			"geometry" : {
				"type" : "Point",
				"coordinates" : [ 0.03171, 51.51458 ]
			},
			"properties" : {
				"objectid" : 146,
				"Approve" : "Yes",
				"cs_address_one" : "Prince Regent Lane",
				"cs_address_two" : "42",
				"cs_borough" : "Newham",
				"cs_cooling_facilities" : "Stand up fans,Natural cooling/ventilation",
				"cs_cooling_facilities_other" : null,
				"cs_heat_vulnerable" : " young children, older people, pregnant women ",
				"cs_heat_vulnerable_other" : null,
				"cs_indoor_site_id" : 17,
				"cs_max_seating" : 10,
				"cs_name" : "Custom House Library",
				"cs_opening_hours" : "Monday - 10am-6pm, Tuesday -10am-6pm, Wednesday - Closed, Thursday - 10am-6pm , Friday - Closed, Saturday - 10am-6pm,  Sunday closed, Public Holidays - Closed ",
				"cs_postcode" : null,
				"cs_toilets_available" : "Available on site",
				"cs_wheelchair_access" : "Yes",
				"has_drinking_water" : "Yes",
				"has_seating" : "Yes",
				"indoor_cooling_temp" : "I don’t know/ it’s not possible to  monitor indoor temperature",
				"is_free_of_charge" : "yes",
				"is_staffed_when_open" : "Yes",
				"org_name" : "London Borough of Newham",
				"runtime" : 20250530,
				"Tier" : "Tier 2",
				"x" : 541073.812848261,
				"y" : 181473.608336553
			}
		},
		{
			"type" : "Feature",
			"geometry" : {
				"type" : "Point",
				"coordinates" : [ 0.02526, 51.53018 ]
			},
			"properties" : {
				"objectid" : 141,
				"Approve" : "Yes",
				"cs_address_one" : "North Street",
				"cs_address_two" : null,
				"cs_borough" : "Newham",
				"cs_cooling_facilities" : "Stand up fans,Natural cooling/ventilation",
				"cs_cooling_facilities_other" : null,
				"cs_heat_vulnerable" : " young children, older people, pregnant women ",
				"cs_heat_vulnerable_other" : null,
				"cs_indoor_site_id" : 10,
				"cs_max_seating" : 20,
				"cs_name" : "Plaistow Library",
				"cs_opening_hours" : "Monday - Tuesday - 9:30am-5:30pm, Wednesday - 9:30am-5pm, Thursday - 1pm-8pm, Friday - 9.30am-5pm, Saturday - 9.30am-5.30pm  Sunday closed, Public Holidays - Closed ",
				"cs_postcode" : null,
				"cs_toilets_available" : "Available on site",
				"cs_wheelchair_access" : "Yes",
				"has_drinking_water" : "Yes",
				"has_seating" : "Yes",
				"indoor_cooling_temp" : "I don’t know/ it’s not possible to  monitor indoor temperature",
				"is_free_of_charge" : "yes",
				"is_staffed_when_open" : "Yes",
				"org_name" : "London Borough of Newham",
				"runtime" : 20250530,
				"Tier" : "Tier 1",
				"x" : 540578.278169846,
				"y" : 183195.893706074
			}
		},
		{
			"type" : "Feature",
			"geometry" : {
				"type" : "Point",
				"coordinates" : [ 0.03505, 51.53637 ]
			},
			"properties" : {
				"objectid" : 142,
				"Approve" : "Yes",
				"cs_address_one" : "337 - 341 Green Street",
				"cs_address_two" : null,
				"cs_borough" : "Newham",
				"cs_cooling_facilities" : "Air conditioning",
				"cs_cooling_facilities_other" : null,
				"cs_heat_vulnerable" : " young children, older people, pregnant women ",
				"cs_heat_vulnerable_other" : null,
				"cs_indoor_site_id" : 11,
				"cs_max_seating" : 10,
				"cs_name" : "Green Street Library",
				"cs_opening_hours" : "Monday - Saturday -10am-8pm, Sunday closed, Public Holidays - Closed ",
				"cs_postcode" : null,
				"cs_toilets_available" : "Not available",
				"cs_wheelchair_access" : "Yes",
				"has_drinking_water" : "Yes",
				"has_seating" : "Yes",
				"indoor_cooling_temp" : "Indoor temperature of 26C or less",
				"is_free_of_charge" : "yes",
				"is_staffed_when_open" : "Yes",
				"org_name" : "London Borough of Newham",
				"runtime" : 20250530,
				"Tier" : "Tier 2",
				"x" : 541238.170027619,
				"y" : 183903.087326547
			}
		},
		{
			"type" : "Feature",
			"geometry" : {
				"type" : "Point",
				"coordinates" : [ -0.0556531741, 51.4362356302 ]
			},
			"properties" : {
				"objectid" : 40,
				"Approve" : "Yes",
				"cs_address_one" : "Darmouth Road",
				"cs_address_two" : null,
				"cs_borough" : "Lewisham",
				"cs_cooling_facilities" : "Air conditioning,Natural cooling/ventilation",
				"cs_cooling_facilities_other" : null,
				"cs_heat_vulnerable" : " young children, older people, pregnant women ",
				"cs_heat_vulnerable_other" : null,
				"cs_indoor_site_id" : 87,
				"cs_max_seating" : 20,
				"cs_name" : "Forest Hill Pools",
				"cs_opening_hours" : "6.30am to 10pm Monday to Friday, 8am to 6pm Saturday, Sunday and Public Holidays",
				"cs_postcode" : null,
				"cs_toilets_available" : "Available on site",
				"cs_wheelchair_access" : "Yes",
				"has_drinking_water" : "Yes",
				"has_seating" : "Yes",
				"indoor_cooling_temp" : "Indoor temperature of 26C or less",
				"is_free_of_charge" : "Yes",
				"is_staffed_when_open" : "Yes",
				"org_name" : "Better (Lewisham)",
				"runtime" : 20250527,
				"Tier" : "Tier 1",
				"x" : 535243.7189999996,
				"y" : 172597.02859999985
			}
		},
		{
			"type" : "Feature",
			"geometry" : {
				"type" : "Point",
				"coordinates" : [ -0.0973564791, 51.5117582156 ]
			},
			"properties" : {
				"objectid" : 265,
				"Approve" : "Yes",
				"cs_address_one" : "101 Queen Victoria Street",
				"cs_address_two" : null,
				"cs_borough" : "City of London",
				"cs_cooling_facilities" : "Air conditioning",
				"cs_cooling_facilities_other" : null,
				"cs_heat_vulnerable" : "Young children,Older people,Pregnant women",
				"cs_heat_vulnerable_other" : null,
				"cs_indoor_site_id" : 681,
				"cs_max_seating" : 20,
				"cs_name" : "The Salvation Army",
				"cs_opening_hours" : "Mon - Fri 8am-3:30pm",
				"cs_postcode" : "EC4V 4EH",
				"cs_toilets_available" : "short walk and signposted from the site",
				"cs_wheelchair_access" : "yes",
				"has_drinking_water" : "yes",
				"has_seating" : "yes",
				"indoor_cooling_temp" : "26c_or_less",
				"is_free_of_charge" : "yes",
				"is_staffed_when_open" : "yes",
				"org_name" : "The Salvation Army",
				"runtime" : 20250704,
				"Tier" : "Tier 2",
				"x" : 532127,
				"y" : 180919
			}
		},
		{
			"type" : "Feature",
			"geometry" : {
				"type" : "Point",
				"coordinates" : [ -0.2674, 51.46547 ]
			},
			"properties" : {
				"objectid" : 150,
				"Approve" : "Yes",
				"cs_address_one" : "74 Sheen Lane",
				"cs_address_two" : null,
				"cs_borough" : "Richmond upon Thames",
				"cs_cooling_facilities" : "other,Natural cooling/ventilation",
				"cs_cooling_facilities_other" : null,
				"cs_heat_vulnerable" : " young children, older people, pregnant women ",
				"cs_heat_vulnerable_other" : null,
				"cs_indoor_site_id" : 46,
				"cs_max_seating" : 80,
				"cs_name" : "East Sheen Library",
				"cs_opening_hours" : "Monday 9:30 AM to 6:00 PM, Tuesday 9:30 AM to 6:00 PM, Wednesday 10:00 AM - 7:00 PM, Thursday 9:30 AM to 6:00 PM, Friday 9:30 AM to 6:00 PM, Saturday 9:30 AM - 4:00 PM, Sunday 1:00 PM - 5:00 PM",
				"cs_postcode" : null,
				"cs_toilets_available" : "Available on site",
				"cs_wheelchair_access" : "Yes",
				"has_drinking_water" : "Yes",
				"has_seating" : "Yes",
				"indoor_cooling_temp" : "I don’t know/ it’s not possible to  monitor indoor temperature",
				"is_free_of_charge" : "yes",
				"is_staffed_when_open" : "Yes",
				"org_name" : "Richmond upon Thames Library Service",
				"runtime" : 20250530,
				"Tier" : "Tier 1",
				"x" : 520449.841459616,
				"y" : 175478.667844031
			}
		},
		{
			"type" : "Feature",
			"geometry" : {
				"type" : "Point",
				"coordinates" : [ -0.30406, 51.46219 ]
			},
			"properties" : {
				"objectid" : 152,
				"Approve" : "Yes",
				"cs_address_one" : "Little Green",
				"cs_address_two" : null,
				"cs_borough" : "Richmond upon Thames",
				"cs_cooling_facilities" : "Natural cooling/ventilation",
				"cs_cooling_facilities_other" : null,
				"cs_heat_vulnerable" : " young children, older people, pregnant women ",
				"cs_heat_vulnerable_other" : null,
				"cs_indoor_site_id" : 45,
				"cs_max_seating" : 30,
				"cs_name" : "Richmond Library",
				"cs_opening_hours" : "Monday 9.30am-7pm, Tuesday 9.30am-6pm, Wednesday 10am-7pm, Thursday 9.30am-6pm, Friday 9.30am-6pm, Saturday 9.30am-4pm, Sunday 1pm-5pm",
				"cs_postcode" : null,
				"cs_toilets_available" : "Not available",
				"cs_wheelchair_access" : "Yes",
				"has_drinking_water" : "Yes",
				"has_seating" : "Yes",
				"indoor_cooling_temp" : "I don’t know/ it’s not possible to  monitor indoor temperature",
				"is_free_of_charge" : "yes",
				"is_staffed_when_open" : "Yes",
				"org_name" : "Richmond upon Thames Library Service",
				"runtime" : 20250530,
				"Tier" : "Tier 2",
				"x" : 517911.907188406,
				"y" : 175054.34579685
			}
		},
		{
			"type" : "Feature",
			"geometry" : {
				"type" : "Point",
				"coordinates" : [ -0.28475, 51.47655 ]
			},
			"properties" : {
				"objectid" : 153,
				"Approve" : "Yes",
				"cs_address_one" : "106 North Road",
				"cs_address_two" : null,
				"cs_borough" : "Richmond upon Thames",
				"cs_cooling_facilities" : "Natural cooling/ventilation",
				"cs_cooling_facilities_other" : null,
				"cs_heat_vulnerable" : " young children, older people, pregnant women ",
				"cs_heat_vulnerable_other" : null,
				"cs_indoor_site_id" : 48,
				"cs_max_seating" : 5,
				"cs_name" : "Kew Library",
				"cs_opening_hours" : "Monday CLOSED, Tuesday 10:00 AM - 6:00 PM, Wednesday CLOSED, Thursday 10:00 AM - 6:00 PM. Friday CLOSED, Saturday 9:30 AM - 4:00 PM, Sunday CLOSED",
				"cs_postcode" : null,
				"cs_toilets_available" : "Not available",
				"cs_wheelchair_access" : "Yes",
				"has_drinking_water" : "Yes",
				"has_seating" : "Yes",
				"indoor_cooling_temp" : "I don’t know/ it’s not possible to  monitor indoor temperature",
				"is_free_of_charge" : "yes",
				"is_staffed_when_open" : "Yes",
				"org_name" : "Richmond upon Thames Library Service",
				"runtime" : 20250530,
				"Tier" : "Tier 2",
				"x" : 519215.883725229,
				"y" : 176682.440707045
			}
		},
		{
			"type" : "Feature",
			"geometry" : {
				"type" : "Point",
				"coordinates" : [ -0.0916341987, 51.5155680725 ]
			},
			"properties" : {
				"objectid" : 297,
				"Approve" : "Yes",
				"cs_address_one" : "3 Aldermanbury",
				"cs_address_two" : null,
				"cs_borough" : "City of London",
				"cs_cooling_facilities" : "Air conditioning",
				"cs_cooling_facilities_other" : null,
				"cs_heat_vulnerable" : null,
				"cs_heat_vulnerable_other" : null,
				"cs_indoor_site_id" : 714,
				"cs_max_seating" : 50,
				"cs_name" : "The London Centre",
				"cs_opening_hours" : "Monday: Closed  Tuesdays-Saturdays: 11am-5pm Sunday: Closed",
				"cs_postcode" : "EC2V 7HH",
				"cs_toilets_available" : "available on site",
				"cs_wheelchair_access" : "yes",
				"has_drinking_water" : "yes",
				"has_seating" : "yes",
				"indoor_cooling_temp" : "26c_or_less",
				"is_free_of_charge" : "yes",
				"is_staffed_when_open" : "yes",
				"org_name" : "The London Centre",
				"runtime" : 20250808,
				"Tier" : "Tier 2",
				"x" : 532513,
				"y" : 181353
			}
		},
		{
			"type" : "Feature",
			"geometry" : {
				"type" : "Point",
				"coordinates" : [ -0.32795, 51.44789 ]
			},
			"properties" : {
				"objectid" : 155,
				"Approve" : "Yes",
				"cs_address_one" : "Garfield Road",
				"cs_address_two" : null,
				"cs_borough" : "Richmond upon Thames",
				"cs_cooling_facilities" : "Natural cooling/ventilation",
				"cs_cooling_facilities_other" : null,
				"cs_heat_vulnerable" : " young children, older people, pregnant women ",
				"cs_heat_vulnerable_other" : null,
				"cs_indoor_site_id" : 49,
				"cs_max_seating" : 25,
				"cs_name" : "Twickenham Library",
				"cs_opening_hours" : "Monday 9:30 AM to 7:00 PM, Tuesday 9:30 AM to 6:00 PM, Wednesday 10:00 AM - 7:00 PM, Thursday 9:30 AM to 6:00 PM, Friday 9:30 AM to 6:00 PM, Saturday 9:30 AM - 4:00 PM, Sunday CLOSED",
				"cs_postcode" : null,
				"cs_toilets_available" : "Available on site",
				"cs_wheelchair_access" : "Yes",
				"has_drinking_water" : "Yes",
				"has_seating" : "Yes",
				"indoor_cooling_temp" : "I don’t know/ it’s not possible to  monitor indoor temperature",
				"is_free_of_charge" : "yes",
				"is_staffed_when_open" : "Yes",
				"org_name" : "Richmond upon Thames Library Service",
				"runtime" : 20250530,
				"Tier" : "Tier 1",
				"x" : 516288.716474749,
				"y" : 173425.965695469
			}
		},
		{
			"type" : "Feature",
			"geometry" : {
				"type" : "Point",
				"coordinates" : [ -0.313249994, 51.437850004 ]
			},
			"properties" : {
				"objectid" : 156,
				"Approve" : "Yes",
				"cs_address_one" : " Ham Street",
				"cs_address_two" : null,
				"cs_borough" : "Richmond upon Thames",
				"cs_cooling_facilities" : "Air conditioning",
				"cs_cooling_facilities_other" : null,
				"cs_heat_vulnerable" : " young children, older people, pregnant women ",
				"cs_heat_vulnerable_other" : null,
				"cs_indoor_site_id" : 51,
				"cs_max_seating" : 10,
				"cs_name" : "Ham Library ",
				"cs_opening_hours" : "Monday 9:30 AM to 6:00 PM, Tuesday 9:30 AM to 6:00 PM, Wednesday 10:00 AM - 7:00 PM, Thursday CLOSED, Friday 9:30 AM - 6:00 PM, Saturday 9:30 AM - 4:00 PM, Sunday CLOSED",
				"cs_postcode" : null,
				"cs_toilets_available" : "Available on site",
				"cs_wheelchair_access" : "Yes",
				"has_drinking_water" : "Yes",
				"has_seating" : "Yes",
				"indoor_cooling_temp" : "I don’t know/ it’s not possible to  monitor indoor temperature",
				"is_free_of_charge" : "yes",
				"is_staffed_when_open" : "Yes",
				"org_name" : "Richmond upon Thames Library Service",
				"runtime" : 20250530,
				"Tier" : "Tier 2",
				"x" : 517335.869634306,
				"y" : 172332.889448677
			}
		},
		{
			"type" : "Feature",
			"geometry" : {
				"type" : "Point",
				"coordinates" : [ -0.33425, 51.42727 ]
			},
			"properties" : {
				"objectid" : 157,
				"Approve" : "Yes",
				"cs_address_one" : "Waldegrave Road",
				"cs_address_two" : null,
				"cs_borough" : "Richmond upon Thames",
				"cs_cooling_facilities" : "Natural cooling/ventilation",
				"cs_cooling_facilities_other" : null,
				"cs_heat_vulnerable" : " young children, older people, pregnant women ",
				"cs_heat_vulnerable_other" : null,
				"cs_indoor_site_id" : 53,
				"cs_max_seating" : 12,
				"cs_name" : "Teddington Library",
				"cs_opening_hours" : "Monday 9:30 AM to 7:00 PM, Tuesday 9:30 AM to 6:00 PM, Wednesday 10:00 AM - 7:00 PM, Thursday 9:30 AM to 6:00 PM, Friday 9:30 AM to 6:00 PM, Saturday 9:30 AM - 4:00 PM, Sunday 1:00 PM - 5:00 PM",
				"cs_postcode" : null,
				"cs_toilets_available" : "Available on site",
				"cs_wheelchair_access" : "Yes",
				"has_drinking_water" : "Yes",
				"has_seating" : "Yes",
				"indoor_cooling_temp" : "I don’t know/ it’s not possible to  monitor indoor temperature",
				"is_free_of_charge" : "yes",
				"is_staffed_when_open" : "Yes",
				"org_name" : "Richmond upon Thames Library Service",
				"runtime" : 20250530,
				"Tier" : "Tier 1",
				"x" : 515903.115124233,
				"y" : 171122.920014738
			}
		},
		{
			"type" : "Feature",
			"geometry" : {
				"type" : "Point",
				"coordinates" : [ -0.35597, 51.42667 ]
			},
			"properties" : {
				"objectid" : 159,
				"Approve" : "Yes",
				"cs_address_one" : "68 High Street",
				"cs_address_two" : null,
				"cs_borough" : "Richmond upon Thames",
				"cs_cooling_facilities" : "Air conditioning",
				"cs_cooling_facilities_other" : null,
				"cs_heat_vulnerable" : " young children, older people, pregnant women ",
				"cs_heat_vulnerable_other" : null,
				"cs_indoor_site_id" : 55,
				"cs_max_seating" : 5,
				"cs_name" : "Hampton Hill Library ",
				"cs_opening_hours" : "Monday 9:30 AM to 6:00 PM, Tuesday CLOSED, Wednesday 10:00 AM - 7:00 PM, Thursday 9:30 AM to 6:00 PM, Friday 9:30 AM to 6:00 PM, Saturday 9:30 AM - 4:00 PM, Sunday CLOSED",
				"cs_postcode" : null,
				"cs_toilets_available" : "Available on site",
				"cs_wheelchair_access" : "Yes",
				"has_drinking_water" : "Yes",
				"has_seating" : "Yes",
				"indoor_cooling_temp" : "I don’t know/ it’s not possible to  monitor indoor temperature",
				"is_free_of_charge" : "yes",
				"is_staffed_when_open" : "Yes",
				"org_name" : "Richmond upon Thames Library Service",
				"runtime" : 20250530,
				"Tier" : "Tier 1",
				"x" : 514394.66481051,
				"y" : 171022.073777437
			}
		},
		{
			"type" : "Feature",
			"geometry" : {
				"type" : "Point",
				"coordinates" : [ -0.358719455, 51.453033306 ]
			},
			"properties" : {
				"objectid" : 154,
				"Approve" : "Yes",
				"cs_address_one" : "141 Nelson Road",
				"cs_address_two" : null,
				"cs_borough" : "Richmond upon Thames",
				"cs_cooling_facilities" : "Air conditioning",
				"cs_cooling_facilities_other" : null,
				"cs_heat_vulnerable" : " young children, older people, pregnant women ",
				"cs_heat_vulnerable_other" : null,
				"cs_indoor_site_id" : 50,
				"cs_max_seating" : 15,
				"cs_name" : "Whitton Library",
				"cs_opening_hours" : "Monday 9:30 AM to 6:00 PM, Tuesday 9:30 AM to 6:00 PM, Wednesday 10:00 AM - 7:00 PM, Thursday 9:30 AM to 6:00 PM, Friday 9:30 AM to 6:00 PM, Saturday 9:30 AM - 4:00 PM, Sunday CLOSED",
				"cs_postcode" : null,
				"cs_toilets_available" : "Available on site",
				"cs_wheelchair_access" : "Yes",
				"has_drinking_water" : "Yes",
				"has_seating" : "Yes",
				"indoor_cooling_temp" : "I don’t know/ it’s not possible to  monitor indoor temperature",
				"is_free_of_charge" : "yes",
				"is_staffed_when_open" : "Yes",
				"org_name" : "Richmond upon Thames Library Service",
				"runtime" : 20250530,
				"Tier" : "Tier 1",
				"x" : 514137.853486307,
				"y" : 173949.556050103
			}
		},
		{
			"type" : "Feature",
			"geometry" : {
				"type" : "Point",
				"coordinates" : [ 0.05696, 51.53325 ]
			},
			"properties" : {
				"objectid" : 144,
				"Approve" : "Yes",
				"cs_address_one" : "328 Barking Road",
				"cs_address_two" : null,
				"cs_borough" : "Newham",
				"cs_cooling_facilities" : "Air conditioning",
				"cs_cooling_facilities_other" : null,
				"cs_heat_vulnerable" : " young children, older people, pregnant women ",
				"cs_heat_vulnerable_other" : null,
				"cs_indoor_site_id" : 13,
				"cs_max_seating" : 20,
				"cs_name" : "East Ham Library",
				"cs_opening_hours" : "Monday - Saturday -9am-8pm, Sunday 12pm-4pm, Public Holidays - Closed ",
				"cs_postcode" : null,
				"cs_toilets_available" : "Available on site",
				"cs_wheelchair_access" : "Yes",
				"has_drinking_water" : "Yes",
				"has_seating" : "Yes",
				"indoor_cooling_temp" : "Indoor temperature of 26C or less",
				"is_free_of_charge" : "yes",
				"is_staffed_when_open" : "Yes",
				"org_name" : "London Borough of Newham",
				"runtime" : 20250530,
				"Tier" : "Tier 1",
				"x" : 542767.377974626,
				"y" : 183598.66203008
			}
		},
		{
			"type" : "Feature",
			"geometry" : {
				"type" : "Point",
				"coordinates" : [ -0.0844800303, 51.5957191393 ]
			},
			"properties" : {
				"objectid" : 202,
				"Approve" : "Yes",
				"cs_address_one" : "Adams Road",
				"cs_address_two" : null,
				"cs_borough" : "Haringey",
				"cs_cooling_facilities" : "Natural cooling/ventilation",
				"cs_cooling_facilities_other" : null,
				"cs_heat_vulnerable" : "Young children,Older people",
				"cs_heat_vulnerable_other" : null,
				"cs_indoor_site_id" : 630,
				"cs_max_seating" : 100,
				"cs_name" : "Jazz Cafe , Broadwater Farm Community Centre",
				"cs_opening_hours" : "Tuesday 10am-4pm Wednesday 10am-4pm Friday 10am-4pm",
				"cs_postcode" : "N176HG",
				"cs_toilets_available" : "available on site",
				"cs_wheelchair_access" : "yes",
				"has_drinking_water" : "yes",
				"has_seating" : "yes",
				"indoor_cooling_temp" : "cannot_guarantee_26c",
				"is_free_of_charge" : "yes",
				"is_staffed_when_open" : "yes",
				"org_name" : "Wheely Tots ( Moselle Community Project )",
				"runtime" : 20250530,
				"Tier" : "Tier 2",
				"x" : 532776,
				"y" : 190279
			}
		},
		{
			"type" : "Feature",
			"geometry" : {
				"type" : "Point",
				"coordinates" : [ -0.1296462627, 51.497511438 ]
			},
			"properties" : {
				"objectid" : 206,
				"Approve" : "Yes",
				"cs_address_one" : "34 Great Smith St",
				"cs_address_two" : null,
				"cs_borough" : "Westminster",
				"cs_cooling_facilities" : "Natural cooling/ventilation",
				"cs_cooling_facilities_other" : null,
				"cs_heat_vulnerable" : "Young children,Older people,Pregnant women,Other",
				"cs_heat_vulnerable_other" : "Asylum seekers and refugees",
				"cs_indoor_site_id" : 625,
				"cs_max_seating" : 100,
				"cs_name" : "The Abbey Centre",
				"cs_opening_hours" : "Monday\t9am - 4pm Tuesday\t9am - 4pm Wednesday 9am - 4pm Thursday 9am - 4pm Friday 9am - 4pm",
				"cs_postcode" : "SW1P 3BU",
				"cs_toilets_available" : "available on site",
				"cs_wheelchair_access" : "yes",
				"has_drinking_water" : "yes",
				"has_seating" : "yes",
				"indoor_cooling_temp" : "cannot_guarantee_26c",
				"is_free_of_charge" : "yes",
				"is_staffed_when_open" : "yes",
				"org_name" : "The Abbey Centre",
				"runtime" : 20250530,
				"Tier" : "Tier 2",
				"x" : 529927,
				"y" : 179277
			}
		},
		{
			"type" : "Feature",
			"geometry" : {
				"type" : "Point",
				"coordinates" : [ -0.2156012524, 51.5100105209 ]
			},
			"properties" : {
				"objectid" : 208,
				"Approve" : "Yes",
				"cs_address_one" : "Henry Dickens Court estate",
				"cs_address_two" : "St Anns Road",
				"cs_borough" : "Kensington and Chelsea",
				"cs_cooling_facilities" : "Stand up fans,Natural cooling/ventilation",
				"cs_cooling_facilities_other" : null,
				"cs_heat_vulnerable" : "Young children,Older people,Pregnant women",
				"cs_heat_vulnerable_other" : null,
				"cs_indoor_site_id" : 627,
				"cs_max_seating" : 100,
				"cs_name" : "Henry Dickens Community Centre",
				"cs_opening_hours" : "Monday - Friday 10 - 6  Adult Wednesday 10 - 1 Lunch provided and Fridays 10 - 12 coffee morning",
				"cs_postcode" : "W11 4DH",
				"cs_toilets_available" : "available on site",
				"cs_wheelchair_access" : "yes",
				"has_drinking_water" : "yes",
				"has_seating" : "yes",
				"indoor_cooling_temp" : "26c_or_less",
				"is_free_of_charge" : "yes",
				"is_staffed_when_open" : "yes",
				"org_name" : "Latimer Community Art Therapy",
				"runtime" : 20250530,
				"Tier" : "Tier 1",
				"x" : 523927,
				"y" : 180518
			}
		},
		{
			"type" : "Feature",
			"geometry" : {
				"type" : "Point",
				"coordinates" : [ -0.0690152151, 51.5088667017 ]
			},
			"properties" : {
				"objectid" : 209,
				"Approve" : "Yes",
				"cs_address_one" : "66-68 East Smithfield",
				"cs_address_two" : "London",
				"cs_borough" : "Tower Hamlets",
				"cs_cooling_facilities" : "Air conditioning",
				"cs_cooling_facilities_other" : null,
				"cs_heat_vulnerable" : "Young children,Older people,Pregnant women",
				"cs_heat_vulnerable_other" : null,
				"cs_indoor_site_id" : 629,
				"cs_max_seating" : 20,
				"cs_name" : "Museum of the Royal Pharmaceutical Society",
				"cs_opening_hours" : "Monday - Friday: 9am - 5pm Bank Holidays: Closed",
				"cs_postcode" : "E1W 1AW",
				"cs_toilets_available" : "available on site",
				"cs_wheelchair_access" : "yes",
				"has_drinking_water" : "yes",
				"has_seating" : "yes",
				"indoor_cooling_temp" : "26c_or_less",
				"is_free_of_charge" : "yes",
				"is_staffed_when_open" : "yes",
				"org_name" : "Royal Pharmaceutical Society",
				"runtime" : 20250530,
				"Tier" : "Tier 1",
				"x" : 534102,
				"y" : 180649
			}
		},
		{
			"type" : "Feature",
			"geometry" : {
				"type" : "Point",
				"coordinates" : [ -0.1390215781, 51.5149265895 ]
			},
			"properties" : {
				"objectid" : 210,
				"Approve" : "Yes",
				"cs_address_one" : "16-18 Ramillies Street",
				"cs_address_two" : "London",
				"cs_borough" : "Westminster",
				"cs_cooling_facilities" : "Air conditioning,Natural cooling/ventilation",
				"cs_cooling_facilities_other" : null,
				"cs_heat_vulnerable" : "Young children,Older people,Pregnant women",
				"cs_heat_vulnerable_other" : null,
				"cs_indoor_site_id" : 631,
				"cs_max_seating" : 35,
				"cs_name" : "The Photographers' Gallery",
				"cs_opening_hours" : "Monday - Wednesday,  10.00–18.00 Thursday & Friday, 10.00–20.00 Saturday, 10.00–18.00 Sunday & bank holidays, 11.00–18.00",
				"cs_postcode" : "W1F 7LW",
				"cs_toilets_available" : "available on site",
				"cs_wheelchair_access" : "yes",
				"has_drinking_water" : "yes",
				"has_seating" : "yes",
				"indoor_cooling_temp" : "cannot_guarantee_26c",
				"is_free_of_charge" : "yes",
				"is_staffed_when_open" : "yes",
				"org_name" : "The Photographers' Gallery",
				"runtime" : 20250530,
				"Tier" : "Tier 1",
				"x" : 529227,
				"y" : 181197
			}
		},
		{
			"type" : "Feature",
			"geometry" : {
				"type" : "Point",
				"coordinates" : [ -0.1392397475, 51.5261889171 ]
			},
			"properties" : {
				"objectid" : 205,
				"Approve" : "Yes",
				"cs_address_one" : "201 Drummond Street",
				"cs_address_two" : "Regent's Place",
				"cs_borough" : "Camden",
				"cs_cooling_facilities" : "Air conditioning",
				"cs_cooling_facilities_other" : null,
				"cs_heat_vulnerable" : "Young children,Older people,Pregnant women,Other",
				"cs_heat_vulnerable_other" : "homeless",
				"cs_indoor_site_id" : 623,
				"cs_max_seating" : 20,
				"cs_name" : "Old Diorama Arts Centre",
				"cs_opening_hours" : "Monday - Thursday: 9am–10pm Friday & Saturday: 9am - 6pm Sunday: 10am - 6pm",
				"cs_postcode" : "NW1 3FE",
				"cs_toilets_available" : "available on site",
				"cs_wheelchair_access" : "yes",
				"has_drinking_water" : "yes",
				"has_seating" : "yes",
				"indoor_cooling_temp" : "26c_or_less",
				"is_free_of_charge" : "yes",
				"is_staffed_when_open" : "yes",
				"org_name" : "Old Diorama Arts Centre",
				"runtime" : 20250530,
				"Tier" : "Tier 1",
				"x" : 529180,
				"y" : 182449
			}
		},
		{
			"type" : "Feature",
			"geometry" : {
				"type" : "Point",
				"coordinates" : [ -0.1425023349, 51.5175806498 ]
			},
			"properties" : {
				"objectid" : 204,
				"Approve" : "Yes",
				"cs_address_one" : "80 Mortimer Street",
				"cs_address_two" : null,
				"cs_borough" : "Westminster",
				"cs_cooling_facilities" : "Air conditioning",
				"cs_cooling_facilities_other" : null,
				"cs_heat_vulnerable" : null,
				"cs_heat_vulnerable_other" : null,
				"cs_indoor_site_id" : 635,
				"cs_max_seating" : 15,
				"cs_name" : "London National Park City - Lobby",
				"cs_opening_hours" : "Mon - Fri: midday to 6pm",
				"cs_postcode" : "W1W 7FE",
				"cs_toilets_available" : "available on site",
				"cs_wheelchair_access" : "no",
				"has_drinking_water" : "yes",
				"has_seating" : "yes",
				"indoor_cooling_temp" : "26c_or_less",
				"is_free_of_charge" : "yes",
				"is_staffed_when_open" : "yes",
				"org_name" : "London National Park City",
				"runtime" : 20250530,
				"Tier" : "Tier 2",
				"x" : 528978,
				"y" : 181486
			}
		},
		{
			"type" : "Feature",
			"geometry" : {
				"type" : "Point",
				"coordinates" : [ -0.1923958149, 51.5526669381 ]
			},
			"properties" : {
				"objectid" : 207,
				"Approve" : "Yes",
				"cs_address_one" : "Lyncroft Gardens",
				"cs_address_two" : null,
				"cs_borough" : "Camden",
				"cs_cooling_facilities" : null,
				"cs_cooling_facilities_other" : null,
				"cs_heat_vulnerable" : "Young children,Older people,Pregnant women",
				"cs_heat_vulnerable_other" : null,
				"cs_indoor_site_id" : 626,
				"cs_max_seating" : 100,
				"cs_name" : "Emmanuel Church",
				"cs_opening_hours" : "Mon-Fri 9:30-6 Saturday 9:30-2:30 Sunday 2-6 (we are sometimes used as a concert venue which means the building is not always open free of charge, but these are fairly infrequent)",
				"cs_postcode" : "NW6 1JU",
				"cs_toilets_available" : "available on site",
				"cs_wheelchair_access" : "yes",
				"has_drinking_water" : "yes",
				"has_seating" : "yes",
				"indoor_cooling_temp" : "cannot_guarantee_26c",
				"is_free_of_charge" : "yes",
				"is_staffed_when_open" : "yes",
				"org_name" : "Emmanuel Church",
				"runtime" : 20250530,
				"Tier" : "Tier 1",
				"x" : 525420,
				"y" : 185301
			}
		},
		{
			"type" : "Feature",
			"geometry" : {
				"type" : "Point",
				"coordinates" : [ -0.131563923, 51.5196551103 ]
			},
			"properties" : {
				"objectid" : 203,
				"Approve" : "Yes",
				"cs_address_one" : "26 Store Street",
				"cs_address_two" : null,
				"cs_borough" : "Camden",
				"cs_cooling_facilities" : "Air conditioning",
				"cs_cooling_facilities_other" : null,
				"cs_heat_vulnerable" : null,
				"cs_heat_vulnerable_other" : null,
				"cs_indoor_site_id" : 624,
				"cs_max_seating" : 8,
				"cs_name" : "Building Centre",
				"cs_opening_hours" : "Monday to Friday 8am to 6pm",
				"cs_postcode" : "WC1E 7BT",
				"cs_toilets_available" : "available on site",
				"cs_wheelchair_access" : "yes",
				"has_drinking_water" : "yes",
				"has_seating" : "yes",
				"indoor_cooling_temp" : "26c_or_less",
				"is_free_of_charge" : "yes",
				"is_staffed_when_open" : "yes",
				"org_name" : "Building Centre",
				"runtime" : 20250530,
				"Tier" : "Tier 1",
				"x" : 529731,
				"y" : 181736
			}
		},
		{
			"type" : "Feature",
			"geometry" : {
				"type" : "Point",
				"coordinates" : [ -0.1608139409, 51.4651631618 ]
			},
			"properties" : {
				"objectid" : 216,
				"Approve" : "Yes",
				"cs_address_one" : "Battersea Arts Centre",
				"cs_address_two" : "Lavender Hill",
				"cs_borough" : "Wandsworth",
				"cs_cooling_facilities" : "Natural cooling/ventilation",
				"cs_cooling_facilities_other" : null,
				"cs_heat_vulnerable" : "Young children,Older people,Pregnant women,Other",
				"cs_heat_vulnerable_other" : "We are an inclusive venue with facilities to support everyone. We have a chill out space available on the first floor.",
				"cs_indoor_site_id" : 638,
				"cs_max_seating" : 80,
				"cs_name" : "Battersea Arts Centre",
				"cs_opening_hours" : "Mon - Fri 09:30am - 5:00pm Occasionally open to public during evening and weekends.",
				"cs_postcode" : "SW11 5TN",
				"cs_toilets_available" : "available on site",
				"cs_wheelchair_access" : "yes",
				"has_drinking_water" : "yes",
				"has_seating" : "yes",
				"indoor_cooling_temp" : "26c_or_less",
				"is_free_of_charge" : "yes",
				"is_staffed_when_open" : "yes",
				"org_name" : "Battersea Arts Centre",
				"runtime" : 20250604,
				"Tier" : "Tier 1",
				"x" : 527854,
				"y" : 175625
			}
		},
		{
			"type" : "Feature",
			"geometry" : {
				"type" : "Point",
				"coordinates" : [ 0.0380931447, 51.4780158813 ]
			},
			"properties" : {
				"objectid" : 213,
				"Approve" : "Yes",
				"cs_address_one" : "76 Hornfair Road",
				"cs_address_two" : "Charlton",
				"cs_borough" : "Greenwich",
				"cs_cooling_facilities" : "Air conditioning,Natural cooling/ventilation",
				"cs_cooling_facilities_other" : null,
				"cs_heat_vulnerable" : "Older people,Other",
				"cs_heat_vulnerable_other" : "Cared for People",
				"cs_indoor_site_id" : 634,
				"cs_max_seating" : 50,
				"cs_name" : "Greenwich Carers Centre",
				"cs_opening_hours" : "Monday - Friday, 9am - 5pm  Weekends and Public Holidays closed",
				"cs_postcode" : "SE7 7BD",
				"cs_toilets_available" : "available on site",
				"cs_wheelchair_access" : "yes",
				"has_drinking_water" : "yes",
				"has_seating" : "yes",
				"indoor_cooling_temp" : "cannot_guarantee_26c",
				"is_free_of_charge" : "yes",
				"is_staffed_when_open" : "yes",
				"org_name" : "Greenwich Carers Centre",
				"runtime" : 20250530,
				"Tier" : "Tier 1",
				"x" : 541630,
				"y" : 177420
			}
		},
		{
			"type" : "Feature",
			"geometry" : {
				"type" : "Point",
				"coordinates" : [ -0.0019414045, 51.5751435791 ]
			},
			"properties" : {
				"objectid" : 212,
				"Approve" : "Yes",
				"cs_address_one" : "149 Canterbury Road",
				"cs_address_two" : null,
				"cs_borough" : "Waltham Forest",
				"cs_cooling_facilities" : "Natural cooling/ventilation",
				"cs_cooling_facilities_other" : null,
				"cs_heat_vulnerable" : "Young children,Older people,Pregnant women,Other",
				"cs_heat_vulnerable_other" : "All people",
				"cs_indoor_site_id" : 633,
				"cs_max_seating" : 25,
				"cs_name" : "Cornerstone Church",
				"cs_opening_hours" : "Monday - Friday 9am - 12pm",
				"cs_postcode" : "E10 6EH",
				"cs_toilets_available" : "available on site",
				"cs_wheelchair_access" : "yes",
				"has_drinking_water" : "yes",
				"has_seating" : "yes",
				"indoor_cooling_temp" : "cannot_guarantee_26c",
				"is_free_of_charge" : "yes",
				"is_staffed_when_open" : "yes",
				"org_name" : "The Cornerstone Church",
				"runtime" : 20250530,
				"Tier" : "Tier 2",
				"x" : 538555,
				"y" : 188144
			}
		},
		{
			"type" : "Feature",
			"geometry" : {
				"type" : "Point",
				"coordinates" : [ -0.0658489896, 51.5890555808 ]
			},
			"properties" : {
				"objectid" : 214,
				"Approve" : "Yes",
				"cs_address_one" : "123",
				"cs_address_two" : "High Cross Road",
				"cs_borough" : "Haringey",
				"cs_cooling_facilities" : "Air conditioning",
				"cs_cooling_facilities_other" : null,
				"cs_heat_vulnerable" : "Young children,Older people,Pregnant women",
				"cs_heat_vulnerable_other" : null,
				"cs_indoor_site_id" : 636,
				"cs_max_seating" : 50,
				"cs_name" : "IVO Tottenham Community  Hub",
				"cs_opening_hours" : "Monday to Friday 10 am to 5pm Saturday 11am to 5pm Sunday 12 noon to 4pm",
				"cs_postcode" : "N17 9NR",
				"cs_toilets_available" : "available on site",
				"cs_wheelchair_access" : "yes",
				"has_drinking_water" : "yes",
				"has_seating" : "yes",
				"indoor_cooling_temp" : "26c_or_less",
				"is_free_of_charge" : "yes",
				"is_staffed_when_open" : "yes",
				"org_name" : "Innovative Vision Organisation",
				"runtime" : 20250530,
				"Tier" : "Tier 1",
				"x" : 534086,
				"y" : 189572
			}
		},
		{
			"type" : "Feature",
			"geometry" : {
				"type" : "Point",
				"coordinates" : [ 0.0466040892, 51.4412541357 ]
			},
			"properties" : {
				"objectid" : 217,
				"Approve" : "Yes",
				"cs_address_one" : "360 Middle Park Avenue",
				"cs_address_two" : "London",
				"cs_borough" : "Greenwich",
				"cs_cooling_facilities" : "Natural cooling/ventilation",
				"cs_cooling_facilities_other" : null,
				"cs_heat_vulnerable" : "Other",
				"cs_heat_vulnerable_other" : "Clients experiencing homelessness and those at risk of homelessness",
				"cs_indoor_site_id" : 641,
				"cs_max_seating" : 20,
				"cs_name" : "Greenwich Homeless Project - Day Centre",
				"cs_opening_hours" : "Mondays 9am-1pm Wednesdays 9am-3pm Fridays 9am-1pm",
				"cs_postcode" : "SE9 5QH",
				"cs_toilets_available" : "available on site",
				"cs_wheelchair_access" : "no",
				"has_drinking_water" : "yes",
				"has_seating" : "yes",
				"indoor_cooling_temp" : "cannot_guarantee_26c",
				"is_free_of_charge" : "yes",
				"is_staffed_when_open" : "yes",
				"org_name" : "Greenwich Homeless Project",
				"runtime" : 20250604,
				"Tier" : "Tier 2",
				"x" : 542335.2,
				"y" : 173348.6
			}
		},
		{
			"type" : "Feature",
			"geometry" : {
				"type" : "Point",
				"coordinates" : [ -0.1037918959, 51.5700959869 ]
			},
			"properties" : {
				"objectid" : 218,
				"Approve" : "Yes",
				"cs_address_one" : "Finsbury Park, Hornsey Gate",
				"cs_address_two" : "Endymion Road",
				"cs_borough" : "Haringey",
				"cs_cooling_facilities" : "Natural cooling/ventilation",
				"cs_cooling_facilities_other" : null,
				"cs_heat_vulnerable" : "Young children,Older people,Pregnant women",
				"cs_heat_vulnerable_other" : null,
				"cs_indoor_site_id" : 642,
				"cs_max_seating" : 60,
				"cs_name" : "Finsbury Park Cafe",
				"cs_opening_hours" : "Monday - Sunday 9.00am to 6.00pm",
				"cs_postcode" : "N4 1EE",
				"cs_toilets_available" : "available on site",
				"cs_wheelchair_access" : "yes",
				"has_drinking_water" : "yes",
				"has_seating" : "yes",
				"indoor_cooling_temp" : "cannot_guarantee_26c",
				"is_free_of_charge" : "yes",
				"is_staffed_when_open" : "yes",
				"org_name" : "Finsbury Park Cafe",
				"runtime" : 20250604,
				"Tier" : "Tier 1",
				"x" : 531512.2984999996,
				"y" : 187394.68810000084
			}
		},
		{
			"type" : "Feature",
			"geometry" : {
				"type" : "Point",
				"coordinates" : [ -0.0155294697, 51.5762914982 ]
			},
			"properties" : {
				"objectid" : 219,
				"Approve" : "Yes",
				"cs_address_one" : "458 Hoe Street",
				"cs_address_two" : null,
				"cs_borough" : "Waltham Forest",
				"cs_cooling_facilities" : "Stand up fans,Natural cooling/ventilation",
				"cs_cooling_facilities_other" : null,
				"cs_heat_vulnerable" : null,
				"cs_heat_vulnerable_other" : null,
				"cs_indoor_site_id" : 643,
				"cs_max_seating" : 40,
				"cs_name" : "The Hornbeam Centre",
				"cs_opening_hours" : "Tuesday - 10am-2pm Thursday 11am-3pm",
				"cs_postcode" : "E17 9AH",
				"cs_toilets_available" : "available on site",
				"cs_wheelchair_access" : "yes",
				"has_drinking_water" : "yes",
				"has_seating" : "yes",
				"indoor_cooling_temp" : "26c_or_less",
				"is_free_of_charge" : "yes",
				"is_staffed_when_open" : "yes",
				"org_name" : "The Hornbeam Centre",
				"runtime" : 20250604,
				"Tier" : "Tier 2",
				"x" : 537610,
				"y" : 188246
			}
		},
		{
			"type" : "Feature",
			"geometry" : {
				"type" : "Point",
				"coordinates" : [ -0.1681119469, 51.515510397 ]
			},
			"properties" : {
				"objectid" : 240,
				"Approve" : "Yes",
				"cs_address_one" : "Hyde Park Crescent",
				"cs_address_two" : null,
				"cs_borough" : "Westminster",
				"cs_cooling_facilities" : "Other",
				"cs_cooling_facilities_other" : "1830s church building that is naturally cooler than the outside temperature",
				"cs_heat_vulnerable" : "Young children,Older people,Pregnant women",
				"cs_heat_vulnerable_other" : null,
				"cs_indoor_site_id" : 656,
				"cs_max_seating" : 200,
				"cs_name" : "St John's Hyde Park",
				"cs_opening_hours" : "Mon - Friday 9.30am - 4.30pm Open to the public when not in use for private event.",
				"cs_postcode" : "W22QD",
				"cs_toilets_available" : "available on site",
				"cs_wheelchair_access" : "no",
				"has_drinking_water" : "yes",
				"has_seating" : "yes",
				"indoor_cooling_temp" : "cannot_guarantee_26c",
				"is_free_of_charge" : "yes",
				"is_staffed_when_open" : "yes",
				"org_name" : "St John's Hyde Park",
				"runtime" : 20250619,
				"Tier" : "Tier 2",
				"x" : 527207,
				"y" : 181211
			}
		},
		{
			"type" : "Feature",
			"geometry" : {
				"type" : "Point",
				"coordinates" : [ -0.2036389823, 51.5209521809 ]
			},
			"properties" : {
				"objectid" : 181,
				"Approve" : "Yes",
				"cs_address_one" : "244 Acklam Road",
				"cs_address_two" : null,
				"cs_borough" : "Kensington and Chelsea",
				"cs_cooling_facilities" : "Natural cooling/ventilation",
				"cs_cooling_facilities_other" : null,
				"cs_heat_vulnerable" : null,
				"cs_heat_vulnerable_other" : null,
				"cs_indoor_site_id" : 131,
				"cs_max_seating" : 15,
				"cs_name" : "Al-Manaar The Muslim Cultural Heritage Centre",
				"cs_opening_hours" : "Mon - Thurs 10am to 6pm Fri - 3pm to 6pm",
				"cs_postcode" : "W10 5YG",
				"cs_toilets_available" : "available on site",
				"cs_wheelchair_access" : "yes",
				"has_drinking_water" : "yes",
				"has_seating" : "yes",
				"indoor_cooling_temp" : "cannot_guarantee_26c",
				"is_free_of_charge" : "yes",
				"is_staffed_when_open" : "yes",
				"org_name" : "Al-Manaar The Muslim Cultural Heritage Centre",
				"runtime" : 20250530,
				"Tier" : "Tier 2",
				"x" : 524727.19,
				"y" : 181755.04
			}
		},
		{
			"type" : "Feature",
			"geometry" : {
				"type" : "Point",
				"coordinates" : [ -0.0797985317, 51.5296147862 ]
			},
			"properties" : {
				"objectid" : 83,
				"Approve" : "Yes",
				"cs_address_one" : "80 Hoxton Street",
				"cs_address_two" : null,
				"cs_borough" : "Hackney",
				"cs_cooling_facilities" : "Air conditioning",
				"cs_cooling_facilities_other" : null,
				"cs_heat_vulnerable" : "Young children,Older people,Pregnant women",
				"cs_heat_vulnerable_other" : null,
				"cs_indoor_site_id" : 125,
				"cs_max_seating" : 80,
				"cs_name" : "Shoreditch Library",
				"cs_opening_hours" : "Mon to Thurs 10am to 8pm Fri 10am to 6pm Sat 10am to 5pm Closed on public holidays",
				"cs_postcode" : "N1 6LP",
				"cs_toilets_available" : "available on site",
				"cs_wheelchair_access" : "yes",
				"has_drinking_water" : "Yes",
				"has_seating" : "Yes",
				"indoor_cooling_temp" : "26c_or_less",
				"is_free_of_charge" : "Yes",
				"is_staffed_when_open" : "Yes",
				"org_name" : "London Borough of Hackney",
				"runtime" : 20250527,
				"Tier" : "Tier 1",
				"x" : 533293.16,
				"y" : 182936.51
			}
		},
		{
			"type" : "Feature",
			"geometry" : {
				"type" : "Point",
				"coordinates" : [ -0.2467654431, 51.4721746193 ]
			},
			"properties" : {
				"objectid" : 241,
				"Approve" : "Yes",
				"cs_address_one" : "49 station rd",
				"cs_address_two" : "Barnes",
				"cs_borough" : "Richmond upon Thames",
				"cs_cooling_facilities" : "Air conditioning",
				"cs_cooling_facilities_other" : null,
				"cs_heat_vulnerable" : "Young children,Older people,Pregnant women",
				"cs_heat_vulnerable_other" : null,
				"cs_indoor_site_id" : 657,
				"cs_max_seating" : 40,
				"cs_name" : "OSO The Theatre on Barnes Pond",
				"cs_opening_hours" : "Mon- Fri  9-6pm Sat 9-4  Sun 10-4 Times occasion adjusted to accommodate theatre productions",
				"cs_postcode" : "SW13 0LF",
				"cs_toilets_available" : "available on site",
				"cs_wheelchair_access" : "yes",
				"has_drinking_water" : "yes",
				"has_seating" : "yes",
				"indoor_cooling_temp" : "cannot_guarantee_26c",
				"is_free_of_charge" : "yes",
				"is_staffed_when_open" : "yes",
				"org_name" : "Barnes Community Arts Centre",
				"runtime" : 20250626,
				"Tier" : "Tier 1",
				"x" : 521865.26,
				"y" : 176258.32
			}
		},
		{
			"type" : "Feature",
			"geometry" : {
				"type" : "Point",
				"coordinates" : [ -0.014450546, 51.5115629814 ]
			},
			"properties" : {
				"objectid" : 244,
				"Approve" : "Yes",
				"cs_address_one" : "1 Vesey Path",
				"cs_address_two" : "East Indai Dock Road",
				"cs_borough" : "Tower Hamlets",
				"cs_cooling_facilities" : "Air conditioning",
				"cs_cooling_facilities_other" : null,
				"cs_heat_vulnerable" : "Young children,Older people,Pregnant women",
				"cs_heat_vulnerable_other" : null,
				"cs_indoor_site_id" : 660,
				"cs_max_seating" : 50,
				"cs_name" : "Idea Store Chrisp Street",
				"cs_opening_hours" : "Mon - Thu: 9 am - 9 pm Fri: 9 am - 6 pm Sat: 9 am - 5 pm Sun: 11 am -3 pm",
				"cs_postcode" : "E14 6BT",
				"cs_toilets_available" : "available on site",
				"cs_wheelchair_access" : "yes",
				"has_drinking_water" : "yes",
				"has_seating" : "yes",
				"indoor_cooling_temp" : "cannot_guarantee_26c",
				"is_free_of_charge" : "yes",
				"is_staffed_when_open" : "yes",
				"org_name" : "Idea Store - Tower Hamlets Council",
				"runtime" : 20250626,
				"Tier" : "Tier 1",
				"x" : 537880.16,
				"y" : 181050.15
			}
		},
		{
			"type" : "Feature",
			"geometry" : {
				"type" : "Point",
				"coordinates" : [ -0.141278134, 51.3580568951 ]
			},
			"properties" : {
				"objectid" : 248,
				"Approve" : "Yes",
				"cs_address_one" : "St Michael and All Angels Church",
				"cs_address_two" : "Milton Road, Wallington",
				"cs_borough" : "Sutton",
				"cs_cooling_facilities" : "Natural cooling/ventilation",
				"cs_cooling_facilities_other" : null,
				"cs_heat_vulnerable" : "Young children,Older people,Pregnant women",
				"cs_heat_vulnerable_other" : null,
				"cs_indoor_site_id" : 664,
				"cs_max_seating" : 150,
				"cs_name" : "Place of Welcome",
				"cs_opening_hours" : "Tuesdays 9.30-11.30 Thursdays 9.30-11.30 Fridays 4.15-6.30 Saturdays 9.30-11.30 Plus open for church services during these times - you are welcome to simply enjoy the cool and no pressure to join the service just take a seat wherever you are comfortable. Monday to Thursday 8-8.20am Sunday 10am-12.30pm",
				"cs_postcode" : "SM6 9RP",
				"cs_toilets_available" : "available on site",
				"cs_wheelchair_access" : "yes",
				"has_drinking_water" : "yes",
				"has_seating" : "yes",
				"indoor_cooling_temp" : "cannot_guarantee_26c",
				"is_free_of_charge" : "yes",
				"is_staffed_when_open" : "yes",
				"org_name" : "Parish of South Beddington and Roundshaw",
				"runtime" : 20250626,
				"Tier" : "Tier 2",
				"x" : 529513,
				"y" : 163749
			}
		},
		{
			"type" : "Feature",
			"geometry" : {
				"type" : "Point",
				"coordinates" : [ -0.0537394995, 51.5264374285 ]
			},
			"properties" : {
				"objectid" : 245,
				"Approve" : "Yes",
				"cs_address_one" : "Bethnal Green Library",
				"cs_address_two" : "Bethnal Green Gardens, Cambrige Heath Road",
				"cs_borough" : "Tower Hamlets",
				"cs_cooling_facilities" : "Stand up fans",
				"cs_cooling_facilities_other" : null,
				"cs_heat_vulnerable" : "Young children,Older people,Pregnant women",
				"cs_heat_vulnerable_other" : null,
				"cs_indoor_site_id" : 661,
				"cs_max_seating" : 20,
				"cs_name" : "Bethnal Green Library",
				"cs_opening_hours" : "Mon- Wed 10am - 6pm Thurs 10am -8pm Sat 9am- 5pm",
				"cs_postcode" : "E2 0HL",
				"cs_toilets_available" : "available on site",
				"cs_wheelchair_access" : "yes",
				"has_drinking_water" : "yes",
				"has_seating" : "yes",
				"indoor_cooling_temp" : "cannot_guarantee_26c",
				"is_free_of_charge" : "yes",
				"is_staffed_when_open" : "yes",
				"org_name" : "London Borough of Tower Hamlets",
				"runtime" : 20250626,
				"Tier" : "Tier 1",
				"x" : 535110,
				"y" : 182631
			}
		},
		{
			"type" : "Feature",
			"geometry" : {
				"type" : "Point",
				"coordinates" : [ -0.0107991498, 51.4965263137 ]
			},
			"properties" : {
				"objectid" : 246,
				"Approve" : "Yes",
				"cs_address_one" : "Strattondale Street",
				"cs_address_two" : "London",
				"cs_borough" : "Tower Hamlets",
				"cs_cooling_facilities" : "Natural cooling/ventilation",
				"cs_cooling_facilities_other" : null,
				"cs_heat_vulnerable" : "Young children,Older people,Pregnant women",
				"cs_heat_vulnerable_other" : null,
				"cs_indoor_site_id" : 662,
				"cs_max_seating" : 10,
				"cs_name" : "Cubitt Town Library",
				"cs_opening_hours" : "Mon - Wed- 10am - 6pm Thus- 10am -8pm Sat- 9am - 5pm",
				"cs_postcode" : "E14 3HG",
				"cs_toilets_available" : "available on site",
				"cs_wheelchair_access" : "no",
				"has_drinking_water" : "yes",
				"has_seating" : "yes",
				"indoor_cooling_temp" : "cannot_guarantee_26c",
				"is_free_of_charge" : "yes",
				"is_staffed_when_open" : "yes",
				"org_name" : "London  Borough of Tower Hamlets",
				"runtime" : 20250626,
				"Tier" : "Tier 2",
				"x" : 538179,
				"y" : 179385
			}
		},
		{
			"type" : "Feature",
			"geometry" : {
				"type" : "Point",
				"coordinates" : [ -0.4501444721, 51.5415759563 ]
			},
			"properties" : {
				"objectid" : 243,
				"Approve" : "Yes",
				"cs_address_one" : "Sutton Court Road",
				"cs_address_two" : null,
				"cs_borough" : "Hillingdon",
				"cs_cooling_facilities" : "Air conditioning",
				"cs_cooling_facilities_other" : null,
				"cs_heat_vulnerable" : "Young children,Older people,Pregnant women",
				"cs_heat_vulnerable_other" : null,
				"cs_indoor_site_id" : 659,
				"cs_max_seating" : 40,
				"cs_name" : "Oak Farm Library",
				"cs_opening_hours" : "Monday 10am to 7pm Tuesday 10am to 5pm Wednesday 10am to 5pm Thursday 10am to 7pm Friday 10am to 5pm Saturday 10am to 4pm Sunday Closed Bank holidays Closed",
				"cs_postcode" : "UB10 9PB",
				"cs_toilets_available" : "available on site",
				"cs_wheelchair_access" : "yes",
				"has_drinking_water" : "yes",
				"has_seating" : "yes",
				"indoor_cooling_temp" : "26c_or_less",
				"is_free_of_charge" : "yes",
				"is_staffed_when_open" : "yes",
				"org_name" : "Oak Farm Library",
				"runtime" : 20250626,
				"Tier" : "Tier 1",
				"x" : 507577.24710000027,
				"y" : 183657.61999999918
			}
		},
		{
			"type" : "Feature",
			"geometry" : {
				"type" : "Point",
				"coordinates" : [ -0.0298601636, 51.5326304979 ]
			},
			"properties" : {
				"objectid" : 247,
				"Approve" : "Yes",
				"cs_address_one" : "1 Gladstone Place",
				"cs_address_two" : null,
				"cs_borough" : "Tower Hamlets",
				"cs_cooling_facilities" : "Air conditioning",
				"cs_cooling_facilities_other" : null,
				"cs_heat_vulnerable" : "Young children,Older people,Pregnant women",
				"cs_heat_vulnerable_other" : null,
				"cs_indoor_site_id" : 663,
				"cs_max_seating" : 100,
				"cs_name" : "Idea Store Bow",
				"cs_opening_hours" : "Mon - Thurs: 9am-9pm Fri: 9am - 6pm Saturday: 9am - 5pm Sunday: 11am - 3pm",
				"cs_postcode" : "E3 3ES",
				"cs_toilets_available" : "available on site",
				"cs_wheelchair_access" : "yes",
				"has_drinking_water" : "yes",
				"has_seating" : "yes",
				"indoor_cooling_temp" : "cannot_guarantee_26c",
				"is_free_of_charge" : "yes",
				"is_staffed_when_open" : "yes",
				"org_name" : "London Borough of Tower Hamlets",
				"runtime" : 20250626,
				"Tier" : "Tier 1",
				"x" : 536747.8232000005,
				"y" : 183363.98630000092
			}
		},
		{
			"type" : "Feature",
			"geometry" : {
				"type" : "Point",
				"coordinates" : [ -0.1215360605, 51.5783697424 ]
			},
			"properties" : {
				"objectid" : 215,
				"Approve" : "Yes",
				"cs_address_one" : "Haringey Park",
				"cs_address_two" : null,
				"cs_borough" : "Haringey",
				"cs_cooling_facilities" : "Natural cooling/ventilation",
				"cs_cooling_facilities_other" : null,
				"cs_heat_vulnerable" : null,
				"cs_heat_vulnerable_other" : null,
				"cs_indoor_site_id" : 637,
				"cs_max_seating" : 30,
				"cs_name" : "Hornsey Library",
				"cs_opening_hours" : "Mon/Tues/Thurs/Fri - 9:00am - 7:00pm Weds - 10:00am - 7:00pm Sat - 9:00am - 5:00pm Sun - 12:00pm - 4:00pm",
				"cs_postcode" : "N8 9JA",
				"cs_toilets_available" : "available on site",
				"cs_wheelchair_access" : "yes",
				"has_drinking_water" : "yes",
				"has_seating" : "yes",
				"indoor_cooling_temp" : "cannot_guarantee_26c",
				"is_free_of_charge" : "yes",
				"is_staffed_when_open" : "yes",
				"org_name" : "Hornsey Library",
				"runtime" : 20250530,
				"Tier" : "Tier 1",
				"x" : 530259,
				"y" : 188283
			}
		},
		{
			"type" : "Feature",
			"geometry" : {
				"type" : "Point",
				"coordinates" : [ -0.3950118302, 51.5573862746 ]
			},
			"properties" : {
				"objectid" : 224,
				"Approve" : "Yes",
				"cs_address_one" : "Victoria Road South Ruislip",
				"cs_address_two" : null,
				"cs_borough" : "Hillingdon",
				"cs_cooling_facilities" : "Air conditioning,Natural colling/ventilation",
				"cs_cooling_facilities_other" : null,
				"cs_heat_vulnerable" : "Young children,Older people,Pregnant women",
				"cs_heat_vulnerable_other" : null,
				"cs_indoor_site_id" : 648,
				"cs_max_seating" : 10,
				"cs_name" : "South Ruislip Library",
				"cs_opening_hours" : "Monday 10am to 1pm and 2pm to 5pm Tuesday 10am to 1pm and 2pm to 7pm Wednesday Closed Thursday 10am to 1pm and 2pm to 5pm Friday\t10am to 1pm and 2pm to 5pm Saturday 10am to 1pm and 2pm to 4pm Sunday Closed",
				"cs_postcode" : "HA4 0JE",
				"cs_toilets_available" : "available on site",
				"cs_wheelchair_access" : "yes",
				"has_drinking_water" : "yes",
				"has_seating" : "yes",
				"indoor_cooling_temp" : "26c_or_less",
				"is_free_of_charge" : "yes",
				"is_staffed_when_open" : "yes",
				"org_name" : "South Ruislip Library",
				"runtime" : 20250609,
				"Tier" : "Tier 1",
				"x" : 511361.86,
				"y" : 185498.3
			}
		},
		{
			"type" : "Feature",
			"geometry" : {
				"type" : "Point",
				"coordinates" : [ -0.4274196058, 51.5350691494 ]
			},
			"properties" : {
				"objectid" : 223,
				"Approve" : "Yes",
				"cs_address_one" : "Bury Avenue  Hayes",
				"cs_address_two" : null,
				"cs_borough" : "Hillingdon",
				"cs_cooling_facilities" : "Air conditioning",
				"cs_cooling_facilities_other" : null,
				"cs_heat_vulnerable" : "Young children,Older people,Pregnant women",
				"cs_heat_vulnerable_other" : null,
				"cs_indoor_site_id" : 647,
				"cs_max_seating" : 30,
				"cs_name" : "Charville Library",
				"cs_opening_hours" : "Monday\tClosed Tuesday\t10am to 1pm and 2pm to 5pm Wednesday 10am to 1pm and 2pm to 5pm Thursday 10am to 1pm and 2pm to 5pm Friday\t10am to 1pm  and 2pm to 5pm Saturday 10am to 2pm Sunday\tClosed",
				"cs_postcode" : "UB4 8LF",
				"cs_toilets_available" : "available on site",
				"cs_wheelchair_access" : "yes",
				"has_drinking_water" : "yes",
				"has_seating" : "yes",
				"indoor_cooling_temp" : "26c_or_less",
				"is_free_of_charge" : "yes",
				"is_staffed_when_open" : "yes",
				"org_name" : "Charville Library",
				"runtime" : 20250609,
				"Tier" : "Tier 2",
				"x" : 509168.6913999999,
				"y" : 182967.67060000077
			}
		},
		{
			"type" : "Feature",
			"geometry" : {
				"type" : "Point",
				"coordinates" : [ -0.4768497008, 51.5433278754 ]
			},
			"properties" : {
				"objectid" : 221,
				"Approve" : "Yes",
				"cs_address_one" : "Civic Centre, High Street, Uxbridge",
				"cs_address_two" : null,
				"cs_borough" : "Hillingdon",
				"cs_cooling_facilities" : "Air conditioning,Natural cooling/ventilation",
				"cs_cooling_facilities_other" : null,
				"cs_heat_vulnerable" : "Young children,Older people,Pregnant women",
				"cs_heat_vulnerable_other" : null,
				"cs_indoor_site_id" : 645,
				"cs_max_seating" : 95,
				"cs_name" : "Uxbridge Library",
				"cs_opening_hours" : "Monday 9am to 7pm  Tuesday 9am to 7pm  Wednesday 9am to 5pm  Thursday 9am to 7pm  Friday 9am to 5pm  Saturday 9am to 5pm  Sunday 10am to 1pm  Bank holidays Closed",
				"cs_postcode" : "UB8 1UW",
				"cs_toilets_available" : "available on site",
				"cs_wheelchair_access" : "yes",
				"has_drinking_water" : "yes",
				"has_seating" : "yes",
				"indoor_cooling_temp" : "26c_or_less",
				"is_free_of_charge" : "yes",
				"is_staffed_when_open" : "yes",
				"org_name" : "Uxbridge Library",
				"runtime" : 20250606,
				"Tier" : "Tier 1",
				"x" : 505721.26180000044,
				"y" : 183813.52109999955
			}
		},
		{
			"type" : "Feature",
			"geometry" : {
				"type" : "Point",
				"coordinates" : [ -0.411543521, 51.5723282107 ]
			},
			"properties" : {
				"objectid" : 222,
				"Approve" : "Yes",
				"cs_address_one" : "Linden Avenue, Ruislip Manor",
				"cs_address_two" : null,
				"cs_borough" : "Hillingdon",
				"cs_cooling_facilities" : "Air conditioning,Natural cooling/ventilation",
				"cs_cooling_facilities_other" : null,
				"cs_heat_vulnerable" : "Young children,Older people,Pregnant women",
				"cs_heat_vulnerable_other" : null,
				"cs_indoor_site_id" : 646,
				"cs_max_seating" : 50,
				"cs_name" : "Ruislip Manor Library",
				"cs_opening_hours" : "Monday 9am to 7pm Tuesday 9am to 7pm Wednesday 9am to 5pm Thursday 9am to 7pm Friday 9am to 5pm Saturday 9am to 5pm Sunday Closed Bank holidays Closed",
				"cs_postcode" : "HA4 8TW",
				"cs_toilets_available" : "available on site",
				"cs_wheelchair_access" : "yes",
				"has_drinking_water" : "yes",
				"has_seating" : "yes",
				"indoor_cooling_temp" : "26c_or_less",
				"is_free_of_charge" : "yes",
				"is_staffed_when_open" : "yes",
				"org_name" : "Ruislip Manor Library",
				"runtime" : 20250606,
				"Tier" : "Tier 1",
				"x" : 510179.76609999966,
				"y" : 187134.9014999997
			}
		},
		{
			"type" : "Feature",
			"geometry" : {
				"type" : "Point",
				"coordinates" : [ -0.1408397556, 51.4936426848 ]
			},
			"properties" : {
				"objectid" : 226,
				"Approve" : "Yes",
				"cs_address_one" : "223 Vauxhall Bridge Rd",
				"cs_address_two" : "Pimlico",
				"cs_borough" : "Westminster",
				"cs_cooling_facilities" : "Air conditioning,Natural cooling/ventilation",
				"cs_cooling_facilities_other" : null,
				"cs_heat_vulnerable" : "Young children,Older people,Pregnant women",
				"cs_heat_vulnerable_other" : null,
				"cs_indoor_site_id" : 302,
				"cs_max_seating" : 10,
				"cs_name" : "Queen Mother Sports Centre",
				"cs_opening_hours" : "Mon-Fri - 6.30am-10pm\\nWeekends - 8am-8pm",
				"cs_postcode" : "SW1V 1EL",
				"cs_toilets_available" : "available on site",
				"cs_wheelchair_access" : "yes",
				"has_drinking_water" : "yes",
				"has_seating" : "yes",
				"indoor_cooling_temp" : "26c_or_less",
				"is_free_of_charge" : "yes",
				"is_staffed_when_open" : "yes",
				"org_name" : "Westminster City Council",
				"runtime" : 20250610,
				"Tier" : "Tier 1",
				"x" : 529161,
				"y" : 178827
			}
		},
		{
			"type" : "Feature",
			"geometry" : {
				"type" : "Point",
				"coordinates" : [ -0.1771317131, 51.5225023202 ]
			},
			"properties" : {
				"objectid" : 229,
				"Approve" : "Yes",
				"cs_address_one" : "10 Crompton St",
				"cs_address_two" : null,
				"cs_borough" : "Westminster",
				"cs_cooling_facilities" : "Air conditioning,Natural cooling/ventilation",
				"cs_cooling_facilities_other" : null,
				"cs_heat_vulnerable" : "Young children,Older people,Pregnant women",
				"cs_heat_vulnerable_other" : null,
				"cs_indoor_site_id" : 305,
				"cs_max_seating" : 30,
				"cs_name" : "Little Venice Sports Centre",
				"cs_opening_hours" : "Mon-Fri 6.30-10pm\\nWeekends - 8am-8pm",
				"cs_postcode" : "W2 1ND",
				"cs_toilets_available" : "available on site",
				"cs_wheelchair_access" : "yes",
				"has_drinking_water" : "yes",
				"has_seating" : "yes",
				"indoor_cooling_temp" : "26c_or_less",
				"is_free_of_charge" : "yes",
				"is_staffed_when_open" : "yes",
				"org_name" : "Westminster City Council",
				"runtime" : 20250610,
				"Tier" : "Tier 1",
				"x" : 526561.8113000002,
				"y" : 181972.8895999994
			}
		},
		{
			"type" : "Feature",
			"geometry" : {
				"type" : "Point",
				"coordinates" : [ -0.1378101731, 51.5136636494 ]
			},
			"properties" : {
				"objectid" : 227,
				"Approve" : "Yes",
				"cs_address_one" : "Marshall St,",
				"cs_address_two" : "London",
				"cs_borough" : "Westminster",
				"cs_cooling_facilities" : "Air conditioning,Natural cooling/ventilation",
				"cs_cooling_facilities_other" : null,
				"cs_heat_vulnerable" : "Young children,Older people,Pregnant women",
				"cs_heat_vulnerable_other" : null,
				"cs_indoor_site_id" : 303,
				"cs_max_seating" : 5,
				"cs_name" : "Marshall Street Leisure Centre",
				"cs_opening_hours" : "Mon-Fri 6.30am-10pm\\nWeekends - 8am-8pm",
				"cs_postcode" : "W1F 7EL",
				"cs_toilets_available" : "available on site",
				"cs_wheelchair_access" : "yes",
				"has_drinking_water" : "yes",
				"has_seating" : "yes",
				"indoor_cooling_temp" : "26c_or_less",
				"is_free_of_charge" : "yes",
				"is_staffed_when_open" : "yes",
				"org_name" : "Westminster City Council",
				"runtime" : 20250610,
				"Tier" : "Tier 1",
				"x" : 529314.6261999998,
				"y" : 181058.69739999995
			}
		},
		{
			"type" : "Feature",
			"geometry" : {
				"type" : "Point",
				"coordinates" : [ -0.188983599, 51.5172823025 ]
			},
			"properties" : {
				"objectid" : 228,
				"Approve" : "Yes",
				"cs_address_one" : "Queensway",
				"cs_address_two" : "Porchester Rd",
				"cs_borough" : "Westminster",
				"cs_cooling_facilities" : "Air conditioning,Natural cooling/ventilation",
				"cs_cooling_facilities_other" : null,
				"cs_heat_vulnerable" : "Young children,Older people,Pregnant women",
				"cs_heat_vulnerable_other" : null,
				"cs_indoor_site_id" : 304,
				"cs_max_seating" : 20,
				"cs_name" : "Porchester Centre, Spa & Hall",
				"cs_opening_hours" : "Mon-Fri 6.30am -10pm\\nWeekends - 8am-8pm",
				"cs_postcode" : "W2 5HS",
				"cs_toilets_available" : "available on site",
				"cs_wheelchair_access" : "yes",
				"has_drinking_water" : "yes",
				"has_seating" : "yes",
				"indoor_cooling_temp" : "26c_or_less",
				"is_free_of_charge" : "yes",
				"is_staffed_when_open" : "yes",
				"org_name" : "Westminster City Council",
				"runtime" : 20250610,
				"Tier" : "Tier 1",
				"x" : 525754,
				"y" : 181372
			}
		},
		{
			"type" : "Feature",
			"geometry" : {
				"type" : "Point",
				"coordinates" : [ -0.1921540839, 51.5205685569 ]
			},
			"properties" : {
				"objectid" : 225,
				"Approve" : "Yes",
				"cs_address_one" : "Torquay St,",
				"cs_address_two" : "London",
				"cs_borough" : "Westminster",
				"cs_cooling_facilities" : "Air conditioning,Natural cooling/ventilation",
				"cs_cooling_facilities_other" : null,
				"cs_heat_vulnerable" : "Young children,Older people,Pregnant women",
				"cs_heat_vulnerable_other" : null,
				"cs_indoor_site_id" : 301,
				"cs_max_seating" : 10,
				"cs_name" : "Academy Sport",
				"cs_opening_hours" : "9am-10pm daily",
				"cs_postcode" : "W2 5EW",
				"cs_toilets_available" : "available on site",
				"cs_wheelchair_access" : "yes",
				"has_drinking_water" : "yes",
				"has_seating" : "yes",
				"indoor_cooling_temp" : "26c_or_less",
				"is_free_of_charge" : "yes",
				"is_staffed_when_open" : "yes",
				"org_name" : "Westminster City Council",
				"runtime" : 20250610,
				"Tier" : "Tier 1",
				"x" : 525525,
				"y" : 181732
			}
		},
		{
			"type" : "Feature",
			"geometry" : {
				"type" : "Point",
				"coordinates" : [ -0.2160728381, 51.5307518247 ]
			},
			"properties" : {
				"objectid" : 230,
				"Approve" : "Yes",
				"cs_address_one" : "25 Chamberlayne Rd, NW10 3NB",
				"cs_address_two" : null,
				"cs_borough" : "Brent",
				"cs_cooling_facilities" : "Air conditioning,Natural cooling/ventilation",
				"cs_cooling_facilities_other" : null,
				"cs_heat_vulnerable" : "Young children,Older people,Pregnant women",
				"cs_heat_vulnerable_other" : null,
				"cs_indoor_site_id" : 306,
				"cs_max_seating" : 10,
				"cs_name" : "Moberly Sports Centre",
				"cs_opening_hours" : "Mon-Fri - 6.30am - 10pm\\nWeekends - 8am-8pm",
				"cs_postcode" : "NW10 3NB",
				"cs_toilets_available" : "available on site",
				"cs_wheelchair_access" : "yes",
				"has_drinking_water" : "yes",
				"has_seating" : "yes",
				"indoor_cooling_temp" : "26c_or_less",
				"is_free_of_charge" : "yes",
				"is_staffed_when_open" : "yes",
				"org_name" : "Westminster City Council",
				"runtime" : 20250610,
				"Tier" : "Tier 1",
				"x" : 523838.01549999975,
				"y" : 182823.68390000053
			}
		},
		{
			"type" : "Feature",
			"geometry" : {
				"type" : "Point",
				"coordinates" : [ -0.0740278065, 51.5881830709 ]
			},
			"properties" : {
				"objectid" : 220,
				"Approve" : "Yes",
				"cs_address_one" : "Tottenham Green Leisure Centre",
				"cs_address_two" : "1 Philip Lane, London",
				"cs_borough" : "Haringey",
				"cs_cooling_facilities" : "Air conditioning",
				"cs_cooling_facilities_other" : null,
				"cs_heat_vulnerable" : "Young children,Older people,Pregnant women",
				"cs_heat_vulnerable_other" : null,
				"cs_indoor_site_id" : 644,
				"cs_max_seating" : 100,
				"cs_name" : "Marcus Garvey Library",
				"cs_opening_hours" : "Monday, Tuesday, Thursday, Friday 9am to 7pm Wednesday 10am to 7pm Saturday 9am to 5pm Sunday 12 noon to 4pm Closed on public holidays",
				"cs_postcode" : "N15 4JA",
				"cs_toilets_available" : "available on site",
				"cs_wheelchair_access" : "yes",
				"has_drinking_water" : "yes",
				"has_seating" : "yes",
				"indoor_cooling_temp" : "26c_or_less",
				"is_free_of_charge" : "yes",
				"is_staffed_when_open" : "yes",
				"org_name" : "Haringey Libraries",
				"runtime" : 20250604,
				"Tier" : "Tier 1",
				"x" : 533522,
				"y" : 189460
			}
		},
		{
			"type" : "Feature",
			"geometry" : {
				"type" : "Point",
				"coordinates" : [ -0.1713268261, 51.5239751715 ]
			},
			"properties" : {
				"objectid" : 232,
				"Approve" : "Yes",
				"cs_address_one" : "1 Fisherton St,",
				"cs_address_two" : null,
				"cs_borough" : "Westminster",
				"cs_cooling_facilities" : "Air conditioning,Natural cooling/ventilation",
				"cs_cooling_facilities_other" : null,
				"cs_heat_vulnerable" : "Young children,Older people,Pregnant women",
				"cs_heat_vulnerable_other" : null,
				"cs_indoor_site_id" : 308,
				"cs_max_seating" : 5,
				"cs_name" : "Church Street Community Leisure Centre",
				"cs_opening_hours" : "Mon-Fri 8am-10pm\\nWeekend 9am-8pm",
				"cs_postcode" : "NW8 8BF",
				"cs_toilets_available" : "available on site",
				"cs_wheelchair_access" : "yes",
				"has_drinking_water" : "yes",
				"has_seating" : "yes",
				"indoor_cooling_temp" : "26c_or_less",
				"is_free_of_charge" : "yes",
				"is_staffed_when_open" : "yes",
				"org_name" : "Westminster City Council",
				"runtime" : 20250610,
				"Tier" : "Tier 1",
				"x" : 526960.41,
				"y" : 182146.72
			}
		},
		{
			"type" : "Feature",
			"geometry" : {
				"type" : "Point",
				"coordinates" : [ -0.2057766418, 51.5284408057 ]
			},
			"properties" : {
				"objectid" : 231,
				"Approve" : "Yes",
				"cs_address_one" : "Lancefield St",
				"cs_address_two" : null,
				"cs_borough" : "Westminster",
				"cs_cooling_facilities" : "Air conditioning,Natural cooling/ventilation",
				"cs_cooling_facilities_other" : null,
				"cs_heat_vulnerable" : "Young children,Older people,Pregnant women",
				"cs_heat_vulnerable_other" : null,
				"cs_indoor_site_id" : 307,
				"cs_max_seating" : 5,
				"cs_name" : "Jubilee Community Leisure Centre",
				"cs_opening_hours" : "Mon-Sat - 8am-10pm\\nWeekends - 9am-8pm",
				"cs_postcode" : "W10 4NW",
				"cs_toilets_available" : "available on site",
				"cs_wheelchair_access" : "yes",
				"has_drinking_water" : "yes",
				"has_seating" : "yes",
				"indoor_cooling_temp" : "26c_or_less",
				"is_free_of_charge" : "yes",
				"is_staffed_when_open" : "yes",
				"org_name" : "Westminster City Council",
				"runtime" : 20250610,
				"Tier" : "Tier 1",
				"x" : 524558.4601999996,
				"y" : 182584.1542000007
			}
		},
		{
			"type" : "Feature",
			"geometry" : {
				"type" : "Point",
				"coordinates" : [ -0.1269885293, 51.5299867477 ]
			},
			"properties" : {
				"objectid" : 250,
				"Approve" : "Yes",
				"cs_address_one" : "96 Euston Rpad",
				"cs_address_two" : null,
				"cs_borough" : "Camden",
				"cs_cooling_facilities" : "Air conditioning",
				"cs_cooling_facilities_other" : null,
				"cs_heat_vulnerable" : null,
				"cs_heat_vulnerable_other" : null,
				"cs_indoor_site_id" : 666,
				"cs_max_seating" : 100,
				"cs_name" : "British Library",
				"cs_opening_hours" : "Monday 09.30 – 20.00 Tuesday 09.30 – 20.00 Wednesday 09.30 – 20.00 Thursday 09.30 – 20.00 Friday 09.30 – 18.00 Saturday 09.30 – 17.00 Sunday 11.00 – 17.00",
				"cs_postcode" : "NW1 2DB",
				"cs_toilets_available" : "available on site",
				"cs_wheelchair_access" : "yes",
				"has_drinking_water" : "yes",
				"has_seating" : "yes",
				"indoor_cooling_temp" : "26c_or_less",
				"is_free_of_charge" : "yes",
				"is_staffed_when_open" : "yes",
				"org_name" : "British Library",
				"runtime" : 20250626,
				"Tier" : "Tier 1",
				"x" : 530019,
				"y" : 182893
			}
		},
		{
			"type" : "Feature",
			"geometry" : {
				"type" : "Point",
				"coordinates" : [ -0.0941027704, 51.519960731 ]
			},
			"properties" : {
				"objectid" : 264,
				"Approve" : "Yes",
				"cs_address_one" : "Silk Street",
				"cs_address_two" : null,
				"cs_borough" : "City of London",
				"cs_cooling_facilities" : "Air conditioning,Natural cooling/ventilation",
				"cs_cooling_facilities_other" : null,
				"cs_heat_vulnerable" : "Young children,Older people,Pregnant women,Other",
				"cs_heat_vulnerable_other" : "We welcome all people, and offer support to those of varying needs.",
				"cs_indoor_site_id" : 680,
				"cs_max_seating" : 50,
				"cs_name" : "Barbican Art Centre",
				"cs_opening_hours" : "Monday to Friday 8am — 11pm Saturday and Sunday 9am — 11pm Bank Holidays 10:30am - 11pm New Year's Day 12 noon — 11pm",
				"cs_postcode" : "EC2Y 8DS",
				"cs_toilets_available" : "available on site",
				"cs_wheelchair_access" : "yes",
				"has_drinking_water" : "yes",
				"has_seating" : "yes",
				"indoor_cooling_temp" : "cannot_guarantee_26c",
				"is_free_of_charge" : "yes",
				"is_staffed_when_open" : "yes",
				"org_name" : "Barbican Art Centre",
				"runtime" : 20250701,
				"Tier" : "Tier 1",
				"x" : 532329,
				"y" : 181837
			}
		},
		{
			"type" : "Feature",
			"geometry" : {
				"type" : "Point",
				"coordinates" : [ 0.0753279352, 51.5580643816 ]
			},
			"properties" : {
				"objectid" : 254,
				"Approve" : "Yes",
				"cs_address_one" : "Clements Rd, Ilford",
				"cs_address_two" : null,
				"cs_borough" : "Redbridge",
				"cs_cooling_facilities" : "Air conditioning,Natural cooling/ventilation",
				"cs_cooling_facilities_other" : null,
				"cs_heat_vulnerable" : "Young children,Older people,Pregnant women",
				"cs_heat_vulnerable_other" : null,
				"cs_indoor_site_id" : 670,
				"cs_max_seating" : 100,
				"cs_name" : "Redbridge Central Library",
				"cs_opening_hours" : "Mon- Fri 10am-8pm Sat 10am-5pm Sun 11am-5pm",
				"cs_postcode" : "IG1 1EA",
				"cs_toilets_available" : "available on site",
				"cs_wheelchair_access" : "yes",
				"has_drinking_water" : "yes",
				"has_seating" : "yes",
				"indoor_cooling_temp" : "26c_or_less",
				"is_free_of_charge" : "yes",
				"is_staffed_when_open" : "yes",
				"org_name" : "Vision Redbridge Culture & Leisure",
				"runtime" : 20250626,
				"Tier" : "Tier 1",
				"x" : 543963,
				"y" : 186394
			}
		},
		{
			"type" : "Feature",
			"geometry" : {
				"type" : "Point",
				"coordinates" : [ 0.0852886946, 51.5932023521 ]
			},
			"properties" : {
				"objectid" : 253,
				"Approve" : "Yes",
				"cs_address_one" : "140 High Street",
				"cs_address_two" : "Barkingside",
				"cs_borough" : "Redbridge",
				"cs_cooling_facilities" : "Air conditioning",
				"cs_cooling_facilities_other" : null,
				"cs_heat_vulnerable" : "Young children,Older people,Pregnant women",
				"cs_heat_vulnerable_other" : null,
				"cs_indoor_site_id" : 669,
				"cs_max_seating" : 60,
				"cs_name" : "Fullwell Cross Library",
				"cs_opening_hours" : "Mon, Wed, Fri: 10am to 8pm Tue, Thu: 10am to 6pm Sat: 10am to 5pm Sun: closed Public Holidays: closed",
				"cs_postcode" : "IG6 2EA",
				"cs_toilets_available" : "available on site",
				"cs_wheelchair_access" : "yes",
				"has_drinking_water" : "yes",
				"has_seating" : "yes",
				"indoor_cooling_temp" : "cannot_guarantee_26c",
				"is_free_of_charge" : "yes",
				"is_staffed_when_open" : "yes",
				"org_name" : "Vision RCL",
				"runtime" : 20250626,
				"Tier" : "Tier 1",
				"x" : 544542,
				"y" : 190321
			}
		},
		{
			"type" : "Feature",
			"geometry" : {
				"type" : "Point",
				"coordinates" : [ 0.0323523503, 51.6075928581 ]
			},
			"properties" : {
				"objectid" : 252,
				"Approve" : "Yes",
				"cs_address_one" : "Snakes Lane East",
				"cs_address_two" : "Woodford Green",
				"cs_borough" : "Redbridge",
				"cs_cooling_facilities" : "Air conditioning",
				"cs_cooling_facilities_other" : null,
				"cs_heat_vulnerable" : "Young children,Older people,Pregnant women",
				"cs_heat_vulnerable_other" : null,
				"cs_indoor_site_id" : 668,
				"cs_max_seating" : 30,
				"cs_name" : "Woodford Green Library & Gym",
				"cs_opening_hours" : "Mon to Fri: 6am to 10pm Sat & Sun: 8am to 6pm Public Holidays: 8am to 4pm",
				"cs_postcode" : "IG8 0DX",
				"cs_toilets_available" : "available on site",
				"cs_wheelchair_access" : "yes",
				"has_drinking_water" : "yes",
				"has_seating" : "yes",
				"indoor_cooling_temp" : "cannot_guarantee_26c",
				"is_free_of_charge" : "yes",
				"is_staffed_when_open" : "yes",
				"org_name" : "Vision RCL",
				"runtime" : 20250626,
				"Tier" : "Tier 1",
				"x" : 540831,
				"y" : 191818
			}
		},
		{
			"type" : "Feature",
			"geometry" : {
				"type" : "Point",
				"coordinates" : [ 0.0253734061, 51.5984330494 ]
			},
			"properties" : {
				"objectid" : 251,
				"Approve" : "Yes",
				"cs_address_one" : "Churchfields",
				"cs_address_two" : "South Woodford",
				"cs_borough" : "Redbridge",
				"cs_cooling_facilities" : "Air conditioning,Natural cooling/ventilation",
				"cs_cooling_facilities_other" : null,
				"cs_heat_vulnerable" : "Young children,Older people,Pregnant women",
				"cs_heat_vulnerable_other" : null,
				"cs_indoor_site_id" : 667,
				"cs_max_seating" : 80,
				"cs_name" : "Redbridge Drama Centre",
				"cs_opening_hours" : "Mon - Fri 06.00am - 22.00pm Saturday and Sunday 08.00am - 18.00pm",
				"cs_postcode" : "E18 2RB",
				"cs_toilets_available" : "available on site",
				"cs_wheelchair_access" : "yes",
				"has_drinking_water" : "yes",
				"has_seating" : "yes",
				"indoor_cooling_temp" : "26c_or_less",
				"is_free_of_charge" : "yes",
				"is_staffed_when_open" : "yes",
				"org_name" : "Vision RCL",
				"runtime" : 20250626,
				"Tier" : "Tier 1",
				"x" : 540376,
				"y" : 190786
			}
		},
		{
			"type" : "Feature",
			"geometry" : {
				"type" : "Point",
				"coordinates" : [ -0.0018721302, 51.4446836621 ]
			},
			"properties" : {
				"objectid" : 263,
				"Approve" : "Yes",
				"cs_address_one" : "103 Torridon Road",
				"cs_address_two" : null,
				"cs_borough" : "Lewisham",
				"cs_cooling_facilities" : "Natural cooling/ventilation",
				"cs_cooling_facilities_other" : null,
				"cs_heat_vulnerable" : "Young children,Older people,Pregnant women",
				"cs_heat_vulnerable_other" : null,
				"cs_indoor_site_id" : 679,
				"cs_max_seating" : 40,
				"cs_name" : "Corbett Community Library",
				"cs_opening_hours" : "Monday-Tuesday 9am-5.30pm Thursday 9am-5.30pm Saturday 10am-1pm",
				"cs_postcode" : "SE61RQ",
				"cs_toilets_available" : "available on site",
				"cs_wheelchair_access" : "yes",
				"has_drinking_water" : "yes",
				"has_seating" : "yes",
				"indoor_cooling_temp" : "26c_or_less",
				"is_free_of_charge" : "yes",
				"is_staffed_when_open" : "yes",
				"org_name" : "Corbett Community Library",
				"runtime" : 20250701,
				"Tier" : "Tier 2",
				"x" : 538956,
				"y" : 173637
			}
		},
		{
			"type" : "Feature",
			"geometry" : {
				"type" : "Point",
				"coordinates" : [ -0.0580162799, 51.5197819759 ]
			},
			"properties" : {
				"objectid" : 255,
				"Approve" : "Yes",
				"cs_address_one" : "321 Whitechapel Road",
				"cs_address_two" : "London",
				"cs_borough" : "Tower Hamlets",
				"cs_cooling_facilities" : "Air conditioning,Natural cooling/ventilation",
				"cs_cooling_facilities_other" : null,
				"cs_heat_vulnerable" : "Young children,Older people,Pregnant women",
				"cs_heat_vulnerable_other" : null,
				"cs_indoor_site_id" : 671,
				"cs_max_seating" : 100,
				"cs_name" : "Idea Store Whitechapel",
				"cs_opening_hours" : "Mon-Thurs 9am-9pm Fri 9-6pm Sat 9-5pm Sun 11am-3pm",
				"cs_postcode" : "E1 1BU",
				"cs_toilets_available" : "available on site",
				"cs_wheelchair_access" : "yes",
				"has_drinking_water" : "yes",
				"has_seating" : "yes",
				"indoor_cooling_temp" : "cannot_guarantee_26c",
				"is_free_of_charge" : "yes",
				"is_staffed_when_open" : "yes",
				"org_name" : "Idea Store Whitechapel",
				"runtime" : 20250626,
				"Tier" : "Tier 1",
				"x" : 534833,
				"y" : 181883
			}
		},
		{
			"type" : "Feature",
			"geometry" : {
				"type" : "Point",
				"coordinates" : [ -0.057245127, 51.5143342956 ]
			},
			"properties" : {
				"objectid" : 249,
				"Approve" : "Yes",
				"cs_address_one" : "260 Commerical Road",
				"cs_address_two" : null,
				"cs_borough" : "Tower Hamlets",
				"cs_cooling_facilities" : "Air conditioning,Natural cooling/ventilation",
				"cs_cooling_facilities_other" : null,
				"cs_heat_vulnerable" : "Young children,Older people,Pregnant women",
				"cs_heat_vulnerable_other" : null,
				"cs_indoor_site_id" : 665,
				"cs_max_seating" : 40,
				"cs_name" : "Idea Store Watney Market",
				"cs_opening_hours" : "Monday-Thursday 9am-9pm Friday 9am-6pm Saturday 9am-5pm Sunday 11am-3pm",
				"cs_postcode" : "E1 2FB",
				"cs_toilets_available" : "available on site",
				"cs_wheelchair_access" : "yes",
				"has_drinking_water" : "yes",
				"has_seating" : "yes",
				"indoor_cooling_temp" : "26c_or_less",
				"is_free_of_charge" : "yes",
				"is_staffed_when_open" : "yes",
				"org_name" : "London Borough of Tower Hamlets",
				"runtime" : 20250626,
				"Tier" : "Tier 1",
				"x" : 534902.59,
				"y" : 181278.63
			}
		},
		{
			"type" : "Feature",
			"geometry" : {
				"type" : "Point",
				"coordinates" : [ -0.0342299025, 51.5814171654 ]
			},
			"properties" : {
				"objectid" : 256,
				"Approve" : "Yes",
				"cs_address_one" : "7 - 11 Coppermill Lane",
				"cs_address_two" : "London",
				"cs_borough" : "Waltham Forest",
				"cs_cooling_facilities" : "Natural cooling/ventilation",
				"cs_cooling_facilities_other" : null,
				"cs_heat_vulnerable" : "Young children,Older people,Pregnant women",
				"cs_heat_vulnerable_other" : null,
				"cs_indoor_site_id" : 672,
				"cs_max_seating" : 36,
				"cs_name" : "The Mill",
				"cs_opening_hours" : "Tuesday - Friday 9.30 am - 5.30 pm Saturday & Sunday 10 am - 2 pm",
				"cs_postcode" : "E17 7HA",
				"cs_toilets_available" : "available on site",
				"cs_wheelchair_access" : "yes",
				"has_drinking_water" : "yes",
				"has_seating" : "yes",
				"indoor_cooling_temp" : "cannot_guarantee_26c",
				"is_free_of_charge" : "yes",
				"is_staffed_when_open" : "yes",
				"org_name" : "The Mill @ Coppermill",
				"runtime" : 20250626,
				"Tier" : "Tier 1",
				"x" : 536299,
				"y" : 188781
			}
		},
		{
			"type" : "Feature",
			"geometry" : {
				"type" : "Point",
				"coordinates" : [ -0.0791843314, 51.5093306063 ]
			},
			"properties" : {
				"objectid" : 267,
				"Approve" : "Yes",
				"cs_address_one" : "Byward Street",
				"cs_address_two" : "London",
				"cs_borough" : "City of London",
				"cs_cooling_facilities" : "Natural cooling/ventilation",
				"cs_cooling_facilities_other" : null,
				"cs_heat_vulnerable" : "Young children,Older people,Pregnant women",
				"cs_heat_vulnerable_other" : null,
				"cs_indoor_site_id" : 683,
				"cs_max_seating" : 100,
				"cs_name" : "All Hallows by the Tower",
				"cs_opening_hours" : "Monday, Tuesday, Thursday, Friday: 8am - 5pm Wednesday: 8am - 7pm Saturday: 10am - 5pm Sunday: 11am - 5pm Bank Holidays: closed apart from services",
				"cs_postcode" : "EC3R 5BJ",
				"cs_toilets_available" : "short walk and signposted from the site",
				"cs_wheelchair_access" : "yes",
				"has_drinking_water" : "yes",
				"has_seating" : "yes",
				"indoor_cooling_temp" : "cannot_guarantee_26c",
				"is_free_of_charge" : "yes",
				"is_staffed_when_open" : "yes",
				"org_name" : "All Hallows by the Tower",
				"runtime" : 20250709,
				"Tier" : "Tier 1",
				"x" : 533395,
				"y" : 180682
			}
		},
		{
			"type" : "Feature",
			"geometry" : {
				"type" : "Point",
				"coordinates" : [ -0.126577611, 51.53387536 ]
			},
			"properties" : {
				"objectid" : 107,
				"Approve" : "Yes",
				"cs_address_one" : "5 Pancras Square",
				"cs_address_two" : null,
				"cs_borough" : "Camden",
				"cs_cooling_facilities" : "Air conditioning",
				"cs_cooling_facilities_other" : null,
				"cs_heat_vulnerable" : "Young children,Older people,Pregnant women",
				"cs_heat_vulnerable_other" : null,
				"cs_indoor_site_id" : 583,
				"cs_max_seating" : 35,
				"cs_name" : "Pancras Square Library",
				"cs_opening_hours" : "Monday – Saturday: 8am to 8pm Sunday: 11am to 5pm",
				"cs_postcode" : "N1C 4AG",
				"cs_toilets_available" : "available on site",
				"cs_wheelchair_access" : "yes",
				"has_drinking_water" : "Yes",
				"has_seating" : "Yes",
				"indoor_cooling_temp" : "26c_or_less",
				"is_free_of_charge" : "Yes",
				"is_staffed_when_open" : "Yes",
				"org_name" : "Camden Council",
				"runtime" : 20250527,
				"Tier" : "Tier 1",
				"x" : 530036.4244999997,
				"y" : 183326.14680000022
			}
		},
		{
			"type" : "Feature",
			"geometry" : {
				"type" : "Point",
				"coordinates" : [ -0.1239578217, 51.479201361 ]
			},
			"properties" : {
				"objectid" : 195,
				"Approve" : "Yes",
				"cs_address_one" : "180 South Lambeth Road",
				"cs_address_two" : "London",
				"cs_borough" : "Lambeth",
				"cs_cooling_facilities" : "Other",
				"cs_cooling_facilities_other" : null,
				"cs_heat_vulnerable" : "Young children,Older people,Pregnant women",
				"cs_heat_vulnerable_other" : null,
				"cs_indoor_site_id" : 151,
				"cs_max_seating" : 42,
				"cs_name" : "Tate South Lambeth Library",
				"cs_opening_hours" : "Monday1pm to 6pm TuesdayClosed Wednesday10am to 6pm Thursday10am to 8pm Friday10am to 6pm Saturday9am to 5pm SundaysClosed Bank HolidaysClosed",
				"cs_postcode" : "SW8 1QP",
				"cs_toilets_available" : "available on site",
				"cs_wheelchair_access" : "yes",
				"has_drinking_water" : "yes",
				"has_seating" : "yes",
				"indoor_cooling_temp" : "cannot_guarantee_26c",
				"is_free_of_charge" : "yes",
				"is_staffed_when_open" : "yes",
				"org_name" : "London Borough of Lambeth",
				"runtime" : 20250530,
				"Tier" : "Tier 1",
				"x" : 530374,
				"y" : 177251
			}
		},
		{
			"type" : "Feature",
			"geometry" : {
				"type" : "Point",
				"coordinates" : [ -0.0094944866, 51.4812301693 ]
			},
			"properties" : {
				"objectid" : 233,
				"Approve" : "Yes",
				"cs_address_one" : "7 Durnford Street",
				"cs_address_two" : "Greenwich",
				"cs_borough" : "Greenwich",
				"cs_cooling_facilities" : "Stand up fans,Natural cooling/ventilation",
				"cs_cooling_facilities_other" : null,
				"cs_heat_vulnerable" : "Young children,Older people,Pregnant women",
				"cs_heat_vulnerable_other" : null,
				"cs_indoor_site_id" : 649,
				"cs_max_seating" : 50,
				"cs_name" : "Artfix",
				"cs_opening_hours" : "Mon - Sun 08:00 - 20:00",
				"cs_postcode" : "SE10 9BF",
				"cs_toilets_available" : "available on site",
				"cs_wheelchair_access" : "yes",
				"has_drinking_water" : "yes",
				"has_seating" : "yes",
				"indoor_cooling_temp" : "26c_or_less",
				"is_free_of_charge" : "yes",
				"is_staffed_when_open" : "yes",
				"org_name" : "Artfix",
				"runtime" : 20250613,
				"Tier" : "Tier 1",
				"x" : 538315.85,
				"y" : 177686.54
			}
		},
		{
			"type" : "Feature",
			"geometry" : {
				"type" : "Point",
				"coordinates" : [ 0.0234167905, 51.4617142741 ]
			},
			"properties" : {
				"objectid" : 234,
				"Approve" : "Yes",
				"cs_address_one" : "1 Cranfield Walk",
				"cs_address_two" : "Kidbrooke",
				"cs_borough" : "Greenwich",
				"cs_cooling_facilities" : "Air conditioning",
				"cs_cooling_facilities_other" : null,
				"cs_heat_vulnerable" : "Young children,Older people,Pregnant women",
				"cs_heat_vulnerable_other" : null,
				"cs_indoor_site_id" : 650,
				"cs_max_seating" : 100,
				"cs_name" : "Artfix",
				"cs_opening_hours" : "Mon - Sun 08:00 - 20:00",
				"cs_postcode" : "SE3 9EX",
				"cs_toilets_available" : "available on site",
				"cs_wheelchair_access" : "yes",
				"has_drinking_water" : "yes",
				"has_seating" : "yes",
				"indoor_cooling_temp" : "26c_or_less",
				"is_free_of_charge" : "yes",
				"is_staffed_when_open" : "yes",
				"org_name" : "Artfix",
				"runtime" : 20250613,
				"Tier" : "Tier 1",
				"x" : 540661,
				"y" : 175579
			}
		},
		{
			"type" : "Feature",
			"geometry" : {
				"type" : "Point",
				"coordinates" : [ -0.029219985, 51.547070016 ]
			},
			"properties" : {
				"objectid" : 1,
				"Approve" : "Yes",
				"cs_address_one" : "80 Eastway",
				"cs_address_two" : null,
				"cs_borough" : "Hackney",
				"cs_cooling_facilities" : "Air conditioning",
				"cs_cooling_facilities_other" : null,
				"cs_heat_vulnerable" : " young children, older people, pregnant women ",
				"cs_heat_vulnerable_other" : null,
				"cs_indoor_site_id" : 29,
				"cs_max_seating" : 100,
				"cs_name" : "The Baths",
				"cs_opening_hours" : "7am - 10pm daily",
				"cs_postcode" : null,
				"cs_toilets_available" : "Available on site",
				"cs_wheelchair_access" : "Yes",
				"has_drinking_water" : "Yes",
				"has_seating" : "Yes",
				"indoor_cooling_temp" : "Indoor temperature of 26C or less",
				"is_free_of_charge" : "Yes",
				"is_staffed_when_open" : "Yes",
				"org_name" : "Civic State",
				"runtime" : 20250527,
				"Tier" : "Tier 1",
				"x" : 536748.95898588,
				"y" : 184970.873292924
			}
		},
		{
			"type" : "Feature",
			"geometry" : {
				"type" : "Point",
				"coordinates" : [ -0.100739999, 51.536789989 ]
			},
			"properties" : {
				"objectid" : 2,
				"Approve" : "Yes",
				"cs_address_one" : "1-3 Elliott's Place",
				"cs_address_two" : null,
				"cs_borough" : "Islington",
				"cs_cooling_facilities" : "Air conditioning",
				"cs_cooling_facilities_other" : null,
				"cs_heat_vulnerable" : " young children, older people, pregnant women ",
				"cs_heat_vulnerable_other" : null,
				"cs_indoor_site_id" : 30,
				"cs_max_seating" : 20,
				"cs_name" : "Chabad Lubavitch of Islington",
				"cs_opening_hours" : "weekday: 9am to 4pm. weekend: closed. public holiday: closed",
				"cs_postcode" : null,
				"cs_toilets_available" : "Available on site",
				"cs_wheelchair_access" : "No",
				"has_drinking_water" : "Yes",
				"has_seating" : "Yes",
				"indoor_cooling_temp" : "Indoor temperature of 26C or less",
				"is_free_of_charge" : "Yes",
				"is_staffed_when_open" : "Yes",
				"org_name" : "Chabad Lubavitch of Islington CIO",
				"runtime" : 20250527,
				"Tier" : "Tier 2",
				"x" : 531819.943048142,
				"y" : 183696.461114919
			}
		},
		{
			"type" : "Feature",
			"geometry" : {
				"type" : "Point",
				"coordinates" : [ -0.0962372784, 51.5264971449 ]
			},
			"properties" : {
				"objectid" : 3,
				"Approve" : "Yes",
				"cs_address_one" : "90 Central Street ",
				"cs_address_two" : null,
				"cs_borough" : "Islington",
				"cs_cooling_facilities" : " Air conditioning, Natural cooling/ventilation ",
				"cs_cooling_facilities_other" : null,
				"cs_heat_vulnerable" : " young children, older people, pregnant women ",
				"cs_heat_vulnerable_other" : null,
				"cs_indoor_site_id" : 1,
				"cs_max_seating" : 40,
				"cs_name" : "St Luke's community centre",
				"cs_opening_hours" : "Mon - Friday - 9am - 7pm, Sat, Sun - closed",
				"cs_postcode" : null,
				"cs_toilets_available" : "Available on site",
				"cs_wheelchair_access" : "Yes",
				"has_drinking_water" : "Yes",
				"has_seating" : "Yes",
				"indoor_cooling_temp" : "Cannot guarantee 26C, but the space is always cooler than the outside temperature",
				"is_free_of_charge" : "Yes",
				"is_staffed_when_open" : "Yes",
				"org_name" : "St Luke's community centre",
				"runtime" : 20250527,
				"Tier" : "Tier 1",
				"x" : 532162.000000246,
				"y" : 182559.999999091
			}
		},
		{
			"type" : "Feature",
			"geometry" : {
				"type" : "Point",
				"coordinates" : [ -0.0159112, 51.4641862 ]
			},
			"properties" : {
				"objectid" : 4,
				"Approve" : "Yes",
				"cs_address_one" : "41 Loampit Vale",
				"cs_address_two" : "London",
				"cs_borough" : "Lewisham",
				"cs_cooling_facilities" : " Air conditioning, Natural cooling/ventilation ",
				"cs_cooling_facilities_other" : null,
				"cs_heat_vulnerable" : " young children, older people, pregnant women ",
				"cs_heat_vulnerable_other" : null,
				"cs_indoor_site_id" : 2,
				"cs_max_seating" : 30,
				"cs_name" : "Glass Mill Leisure Centre",
				"cs_opening_hours" : "06:30-22:00 weekdays, 07:00-17:00 Weekends 08:00-19:00 Public Holidays",
				"cs_postcode" : null,
				"cs_toilets_available" : "Available on site",
				"cs_wheelchair_access" : "Yes",
				"has_drinking_water" : "Yes",
				"has_seating" : "Yes",
				"indoor_cooling_temp" : "Indoor temperature of 26C or less",
				"is_free_of_charge" : "Yes",
				"is_staffed_when_open" : "Yes",
				"org_name" : "Better (Lewisham)",
				"runtime" : 20250527,
				"Tier" : "Tier 1",
				"x" : 537921.705181568,
				"y" : 175779.172134018
			}
		},
		{
			"type" : "Feature",
			"geometry" : {
				"type" : "Point",
				"coordinates" : [ -0.3360945574, 51.5099285499 ]
			},
			"properties" : {
				"objectid" : 5,
				"Approve" : "Yes",
				"cs_address_one" : "Cherington Road",
				"cs_address_two" : null,
				"cs_borough" : "Ealing",
				"cs_cooling_facilities" : " Natural cooling/ventilation ",
				"cs_cooling_facilities_other" : null,
				"cs_heat_vulnerable" : " young children, older people, pregnant women ",
				"cs_heat_vulnerable_other" : null,
				"cs_indoor_site_id" : 3,
				"cs_max_seating" : 20,
				"cs_name" : "Hanwell Community Library",
				"cs_opening_hours" : "Monday- Closed, Tuesday 10-1 then 2-5, Wednesday 10-1 then 2-5, Thursday 2-5, Friday 10-1 then 2-5, Saturday 10-4, Sunday- Closed",
				"cs_postcode" : null,
				"cs_toilets_available" : "Available on site",
				"cs_wheelchair_access" : "Yes",
				"has_drinking_water" : "Yes",
				"has_seating" : "Yes",
				"indoor_cooling_temp" : "Cannot guarantee 26C, but the space is always cooler than the outside temperature",
				"is_free_of_charge" : "Yes",
				"is_staffed_when_open" : "Yes",
				"org_name" : "Ealing (Libraries)",
				"runtime" : 20250527,
				"Tier" : "Tier 2",
				"x" : 515566.00000021,
				"y" : 180311.999999137
			}
		},
		{
			"type" : "Feature",
			"geometry" : {
				"type" : "Point",
				"coordinates" : [ -0.1095450006, 51.5945759996 ]
			},
			"properties" : {
				"objectid" : 7,
				"Approve" : "Yes",
				"cs_address_one" : "159 High Road",
				"cs_address_two" : "Wood Green, London",
				"cs_borough" : "Haringey",
				"cs_cooling_facilities" : " Air conditioning ",
				"cs_cooling_facilities_other" : null,
				"cs_heat_vulnerable" : " older people, pregnant women ",
				"cs_heat_vulnerable_other" : null,
				"cs_indoor_site_id" : 6,
				"cs_max_seating" : 6,
				"cs_name" : "The Mall Wood Green - Guest Lounge",
				"cs_opening_hours" : "Mon to Sat 9:30am to 5:30pm. Sun 11am – 5pm",
				"cs_postcode" : null,
				"cs_toilets_available" : "Available on site",
				"cs_wheelchair_access" : "Yes",
				"has_drinking_water" : "Yes",
				"has_seating" : "Yes",
				"indoor_cooling_temp" : "Indoor temperature of 26C or less",
				"is_free_of_charge" : "Yes",
				"is_staffed_when_open" : "Yes",
				"org_name" : "London Borough of Haringey",
				"runtime" : 20250527,
				"Tier" : "Tier 1",
				"x" : 531043.257900182,
				"y" : 190106.637199539
			}
		},
		{
			"type" : "Feature",
			"geometry" : {
				"type" : "Point",
				"coordinates" : [ -0.084819999, 51.55214002 ]
			},
			"properties" : {
				"objectid" : 8,
				"Approve" : "Yes",
				"cs_address_one" : "39a Newington Green",
				"cs_address_two" : null,
				"cs_borough" : "Hackney",
				"cs_cooling_facilities" : "Natural cooling/ventilation",
				"cs_cooling_facilities_other" : null,
				"cs_heat_vulnerable" : " young children, older people, pregnant women ",
				"cs_heat_vulnerable_other" : null,
				"cs_indoor_site_id" : 8,
				"cs_max_seating" : 20,
				"cs_name" : "Newington Green Meeting House",
				"cs_opening_hours" : "Thursdays 12pm - 6pm, Fridays 12pm - 6pm, closed on bank holidays",
				"cs_postcode" : null,
				"cs_toilets_available" : "Available on site",
				"cs_wheelchair_access" : "Yes",
				"has_drinking_water" : "Yes",
				"has_seating" : "Yes",
				"indoor_cooling_temp" : "Cannot guarantee 26C, but the space is always cooler than the outside temperature",
				"is_free_of_charge" : "Yes",
				"is_staffed_when_open" : "Yes",
				"org_name" : "New Unity CIO",
				"runtime" : 20250527,
				"Tier" : "Tier 2",
				"x" : 532879.287447203,
				"y" : 185432.250045892
			}
		},
		{
			"type" : "Feature",
			"geometry" : {
				"type" : "Point",
				"coordinates" : [ 0.06273997, 51.500929986 ]
			},
			"properties" : {
				"objectid" : 145,
				"Approve" : "Yes",
				"cs_address_one" : "5 Pier Parade",
				"cs_address_two" : null,
				"cs_borough" : "Newham",
				"cs_cooling_facilities" : "Air conditioning",
				"cs_cooling_facilities_other" : null,
				"cs_heat_vulnerable" : " young children, older people, pregnant women ",
				"cs_heat_vulnerable_other" : null,
				"cs_indoor_site_id" : 15,
				"cs_max_seating" : 2,
				"cs_name" : "North Woolwich Library",
				"cs_opening_hours" : "Monday - 9.30am-5.30pm, Tuesday - 9.30am - 8pm, Wednesday - 9.30am -5.30pm, Thursday - 9.30am-8pm, Friday - 9.30am-5pm, Saturday - 9.30am-5.30pm  Sunday closed, Public Holidays - Closed ",
				"cs_postcode" : null,
				"cs_toilets_available" : "Available on site",
				"cs_wheelchair_access" : "Yes",
				"has_drinking_water" : "Yes",
				"has_seating" : "Yes",
				"indoor_cooling_temp" : "Indoor temperature of 26C or less",
				"is_free_of_charge" : "yes",
				"is_staffed_when_open" : "Yes",
				"org_name" : "London Borough of Newham",
				"runtime" : 20250530,
				"Tier" : "Tier 1",
				"x" : 543269.559572615,
				"y" : 180015.982907691
			}
		},
		{
			"type" : "Feature",
			"geometry" : {
				"type" : "Point",
				"coordinates" : [ -0.2982297884, 51.5932876024 ]
			},
			"properties" : {
				"objectid" : 235,
				"Approve" : "Yes",
				"cs_address_one" : "Kenmore Park Hall",
				"cs_address_two" : "Warneford Road",
				"cs_borough" : "Harrow",
				"cs_cooling_facilities" : "Stand up fans",
				"cs_cooling_facilities_other" : null,
				"cs_heat_vulnerable" : "Young children,Older people,Pregnant women",
				"cs_heat_vulnerable_other" : null,
				"cs_indoor_site_id" : 653,
				"cs_max_seating" : 100,
				"cs_name" : "RCCT Community Hub",
				"cs_opening_hours" : "Monday and Wednesday 9 to 2pm Tuesday, Thursday and Friday 9 to 5pm",
				"cs_postcode" : "HA3 9HY",
				"cs_toilets_available" : "available on site",
				"cs_wheelchair_access" : "yes",
				"has_drinking_water" : "yes",
				"has_seating" : "yes",
				"indoor_cooling_temp" : "cannot_guarantee_26c",
				"is_free_of_charge" : "yes",
				"is_staffed_when_open" : "yes",
				"org_name" : "RCCT CIC",
				"runtime" : 20250619,
				"Tier" : "Tier 2",
				"x" : 517977.8047000002,
				"y" : 189642.33029999956
			}
		},
		{
			"type" : "Feature",
			"geometry" : {
				"type" : "Point",
				"coordinates" : [ -0.0862107731, 51.6516897065 ]
			},
			"properties" : {
				"objectid" : 6,
				"Approve" : "Yes",
				"cs_address_one" : "66 Church Street",
				"cs_address_two" : null,
				"cs_borough" : "Enfield",
				"cs_cooling_facilities" : " Natural cooling/ventilation ",
				"cs_cooling_facilities_other" : null,
				"cs_heat_vulnerable" : " young children, older people, pregnant women ",
				"cs_heat_vulnerable_other" : null,
				"cs_indoor_site_id" : 4,
				"cs_max_seating" : 40,
				"cs_name" : "Enfield Town Library",
				"cs_opening_hours" : "Monday, Tuesday and Thursday 9am-8pm. wednesday, Friday and Saturday 9am-5.30pm. Sunday 12-4pm. Closed on public holidays",
				"cs_postcode" : "EN2 6AX",
				"cs_toilets_available" : "Available on site",
				"cs_wheelchair_access" : "Yes",
				"has_drinking_water" : "Yes",
				"has_seating" : "Yes",
				"indoor_cooling_temp" : "I don’t know/ it’s not possible to  monitor indoor temperature",
				"is_free_of_charge" : "Yes",
				"is_staffed_when_open" : "Yes",
				"org_name" : "Enfield (Libraries)",
				"runtime" : 20250527,
				"Tier" : "Tier 1",
				"x" : 532493.000000361,
				"y" : 196499.999998773
			}
		},
		{
			"type" : "Feature",
			"geometry" : {
				"type" : "Point",
				"coordinates" : [ 0.025389958, 51.550049992 ]
			},
			"properties" : {
				"objectid" : 9,
				"Approve" : "Yes",
				"cs_address_one" : "6-8 Woodgrange Road",
				"cs_address_two" : null,
				"cs_borough" : "Newham",
				"cs_cooling_facilities" : "Air conditioning",
				"cs_cooling_facilities_other" : null,
				"cs_heat_vulnerable" : " young children, older people, pregnant women ",
				"cs_heat_vulnerable_other" : null,
				"cs_indoor_site_id" : 9,
				"cs_max_seating" : 20,
				"cs_name" : "Forest Gate Library",
				"cs_opening_hours" : "Monday - Saturday -9am-8pm, Sunday closed, Public Holidays - Closed",
				"cs_postcode" : null,
				"cs_toilets_available" : "Available on site",
				"cs_wheelchair_access" : "Yes",
				"has_drinking_water" : "Yes",
				"has_seating" : "Yes",
				"indoor_cooling_temp" : "Indoor temperature of 26C or less",
				"is_free_of_charge" : "Yes",
				"is_staffed_when_open" : "Yes",
				"org_name" : "London Borough of Newham",
				"runtime" : 20250527,
				"Tier" : "Tier 1",
				"x" : 540526.125215139,
				"y" : 185405.695918759
			}
		},
		{
			"type" : "Feature",
			"geometry" : {
				"type" : "Point",
				"coordinates" : [ 0.004360015, 51.542699985 ]
			},
			"properties" : {
				"objectid" : 10,
				"Approve" : "Yes",
				"cs_address_one" : "3 The Grove",
				"cs_address_two" : null,
				"cs_borough" : "Newham",
				"cs_cooling_facilities" : "Air conditioning",
				"cs_cooling_facilities_other" : null,
				"cs_heat_vulnerable" : " young children, older people, pregnant women ",
				"cs_heat_vulnerable_other" : null,
				"cs_indoor_site_id" : 14,
				"cs_max_seating" : 30,
				"cs_name" : "Stratford Library",
				"cs_opening_hours" : "Monday - Saturday -9am-8pm, Sunday 12pm-4pm, Public Holidays - Closed ",
				"cs_postcode" : null,
				"cs_toilets_available" : "Available on site",
				"cs_wheelchair_access" : "Yes",
				"has_drinking_water" : "Yes",
				"has_seating" : "Yes",
				"indoor_cooling_temp" : "Indoor temperature of 26C or less",
				"is_free_of_charge" : "Yes",
				"is_staffed_when_open" : "Yes",
				"org_name" : "London Borough of Newham",
				"runtime" : 20250527,
				"Tier" : "Tier 1",
				"x" : 539090.506502716,
				"y" : 184548.164718417
			}
		},
		{
			"type" : "Feature",
			"geometry" : {
				"type" : "Point",
				"coordinates" : [ 0.047009988, 51.550719999 ]
			},
			"properties" : {
				"objectid" : 11,
				"Approve" : "Yes",
				"cs_address_one" : "685-693 Romford Road",
				"cs_address_two" : null,
				"cs_borough" : "Newham",
				"cs_cooling_facilities" : "Air conditioning",
				"cs_cooling_facilities_other" : null,
				"cs_heat_vulnerable" : " young children, older people, pregnant women ",
				"cs_heat_vulnerable_other" : null,
				"cs_indoor_site_id" : 16,
				"cs_max_seating" : 12,
				"cs_name" : "Manor Park Library",
				"cs_opening_hours" : "Monday - Saturday -10am-8pm, Sunday closed, Public Holidays - Closed ",
				"cs_postcode" : null,
				"cs_toilets_available" : "Available on site",
				"cs_wheelchair_access" : "Yes",
				"has_drinking_water" : "Yes",
				"has_seating" : "Yes",
				"indoor_cooling_temp" : "Indoor temperature of 26C or less",
				"is_free_of_charge" : "Yes",
				"is_staffed_when_open" : "Yes",
				"org_name" : "London Borough of Newham",
				"runtime" : 20250527,
				"Tier" : "Tier 1",
				"x" : 542022.955659773,
				"y" : 185521.976811865
			}
		},
		{
			"type" : "Feature",
			"geometry" : {
				"type" : "Point",
				"coordinates" : [ 0.00319, 51.50292 ]
			},
			"properties" : {
				"objectid" : 12,
				"Approve" : "Yes",
				"cs_address_one" : "Peninsula Square",
				"cs_address_two" : null,
				"cs_borough" : "Greenwich",
				"cs_cooling_facilities" : "Natural cooling/ventilation,Air conditioning",
				"cs_cooling_facilities_other" : null,
				"cs_heat_vulnerable" : " young children, older people, pregnant women ",
				"cs_heat_vulnerable_other" : null,
				"cs_indoor_site_id" : 19,
				"cs_max_seating" : 5,
				"cs_name" : "The O2",
				"cs_opening_hours" : "10:00 - 01:00 daily (except 25th Dec)",
				"cs_postcode" : null,
				"cs_toilets_available" : "Available on site",
				"cs_wheelchair_access" : "Yes",
				"has_drinking_water" : "Yes",
				"has_seating" : "Yes",
				"indoor_cooling_temp" : "Cannot guarantee 26C, but the space is always cooler than the outside temperature",
				"is_free_of_charge" : "Yes",
				"is_staffed_when_open" : "Yes",
				"org_name" : "AEG Europe",
				"runtime" : 20250527,
				"Tier" : "Tier 1",
				"x" : 539130.525741125,
				"y" : 180122.451318877
			}
		},
		{
			"type" : "Feature",
			"geometry" : {
				"type" : "Point",
				"coordinates" : [ -0.056919996, 51.589760013 ]
			},
			"properties" : {
				"objectid" : 13,
				"Approve" : "Yes",
				"cs_address_one" : "Unit A, Lebus Street, Hale Village",
				"cs_address_two" : null,
				"cs_borough" : "Haringey",
				"cs_cooling_facilities" : "Natural cooling/ventilation",
				"cs_cooling_facilities_other" : null,
				"cs_heat_vulnerable" : " young children, older people, pregnant women ",
				"cs_heat_vulnerable_other" : null,
				"cs_indoor_site_id" : 21,
				"cs_max_seating" : 50,
				"cs_name" : "The Engine Room",
				"cs_opening_hours" : "0900-1700 Monday to Friday",
				"cs_postcode" : null,
				"cs_toilets_available" : "Available on site",
				"cs_wheelchair_access" : "Yes",
				"has_drinking_water" : "Yes",
				"has_seating" : "Yes",
				"indoor_cooling_temp" : "Indoor temperature of 26C or less",
				"is_free_of_charge" : "Yes",
				"is_staffed_when_open" : "Yes",
				"org_name" : "St Francis at The Engine Room",
				"runtime" : 20250527,
				"Tier" : "Tier 1",
				"x" : 534702.429397108,
				"y" : 189666.755554371
			}
		},
		{
			"type" : "Feature",
			"geometry" : {
				"type" : "Point",
				"coordinates" : [ -0.149571827, 51.450866713 ]
			},
			"properties" : {
				"objectid" : 14,
				"Approve" : "Yes",
				"cs_address_one" : "23 Malwood Road, Balham",
				"cs_address_two" : null,
				"cs_borough" : "Wandsworth",
				"cs_cooling_facilities" : "Natural cooling/ventilation",
				"cs_cooling_facilities_other" : null,
				"cs_heat_vulnerable" : " young children, older people, pregnant women ",
				"cs_heat_vulnerable_other" : null,
				"cs_indoor_site_id" : 22,
				"cs_max_seating" : 100,
				"cs_name" : "Ascension Church Parish Coffee",
				"cs_opening_hours" : "8.30am - 4.30pm Monday to Friday. Closed weekends and Public Holidays.",
				"cs_postcode" : null,
				"cs_toilets_available" : "Available on site",
				"cs_wheelchair_access" : "Yes",
				"has_drinking_water" : "Yes",
				"has_seating" : "Yes",
				"indoor_cooling_temp" : "Indoor temperature of 26C or less",
				"is_free_of_charge" : "Yes",
				"is_staffed_when_open" : "Yes",
				"org_name" : "Ascension Church",
				"runtime" : 20250527,
				"Tier" : "Tier 1",
				"x" : 528674.998592152,
				"y" : 174054.882651971
			}
		},
		{
			"type" : "Feature",
			"geometry" : {
				"type" : "Point",
				"coordinates" : [ -0.13385, 51.52617 ]
			},
			"properties" : {
				"objectid" : 15,
				"Approve" : "Yes",
				"cs_address_one" : "183 Euston Road",
				"cs_address_two" : null,
				"cs_borough" : "Camden",
				"cs_cooling_facilities" : "Air conditioning",
				"cs_cooling_facilities_other" : null,
				"cs_heat_vulnerable" : " young children, older people, pregnant women ",
				"cs_heat_vulnerable_other" : null,
				"cs_indoor_site_id" : 23,
				"cs_max_seating" : 150,
				"cs_name" : "Wellcome Collection",
				"cs_opening_hours" : "Monday-Wednesday 10.00-18.00, Thursday 10.00-20.00, Friday-Sunday 10.00-18.00",
				"cs_postcode" : null,
				"cs_toilets_available" : "Available on site",
				"cs_wheelchair_access" : "Yes",
				"has_drinking_water" : "Yes",
				"has_seating" : "Yes",
				"indoor_cooling_temp" : "Indoor temperature of 26C or less",
				"is_free_of_charge" : "Yes",
				"is_staffed_when_open" : "Yes",
				"org_name" : "Wellcome Collection",
				"runtime" : 20250527,
				"Tier" : "Tier 1",
				"x" : 529553.917709413,
				"y" : 182456.41590612
			}
		},
		{
			"type" : "Feature",
			"geometry" : {
				"type" : "Point",
				"coordinates" : [ 0.064435718, 51.491987807 ]
			},
			"properties" : {
				"objectid" : 17,
				"Approve" : "Yes",
				"cs_address_one" : "105 Powys Street",
				"cs_address_two" : null,
				"cs_borough" : "Greenwich",
				"cs_cooling_facilities" : "Air conditioning",
				"cs_cooling_facilities_other" : null,
				"cs_heat_vulnerable" : " young children, older people, pregnant women ",
				"cs_heat_vulnerable_other" : null,
				"cs_indoor_site_id" : 25,
				"cs_max_seating" : 30,
				"cs_name" : "Woolwich Front Room",
				"cs_opening_hours" : "Tuesday to Saturday 11am to 4.30pm",
				"cs_postcode" : null,
				"cs_toilets_available" : "Available on site",
				"cs_wheelchair_access" : "Yes",
				"has_drinking_water" : "Yes",
				"has_seating" : "Yes",
				"indoor_cooling_temp" : "Indoor temperature of 26C or less",
				"is_free_of_charge" : "Yes",
				"is_staffed_when_open" : "Yes",
				"org_name" : "GCDA",
				"runtime" : 20250527,
				"Tier" : "Tier 2",
				"x" : 543415.305596465,
				"y" : 179024.93858433
			}
		},
		{
			"type" : "Feature",
			"geometry" : {
				"type" : "Point",
				"coordinates" : [ -0.279569999, 51.481119986 ]
			},
			"properties" : {
				"objectid" : 18,
				"Approve" : "Yes",
				"cs_address_one" : "The National Archives, Bessant Drive",
				"cs_address_two" : null,
				"cs_borough" : "Richmond upon Thames",
				"cs_cooling_facilities" : "Air conditioning",
				"cs_cooling_facilities_other" : null,
				"cs_heat_vulnerable" : " young children, older people, pregnant women ",
				"cs_heat_vulnerable_other" : null,
				"cs_indoor_site_id" : 26,
				"cs_max_seating" : 100,
				"cs_name" : "Public cafe at The National Archives",
				"cs_opening_hours" : "09:00 - 17:00 Tuesday-Saturday, and on the first Sunday of every month",
				"cs_postcode" : null,
				"cs_toilets_available" : "Available on site",
				"cs_wheelchair_access" : "Yes",
				"has_drinking_water" : "Yes",
				"has_seating" : "Yes",
				"indoor_cooling_temp" : "Indoor temperature of 26C or less",
				"is_free_of_charge" : "Yes",
				"is_staffed_when_open" : "Yes",
				"org_name" : "The National Archives",
				"runtime" : 20250527,
				"Tier" : "Tier 1",
				"x" : 519563.661671752,
				"y" : 177199.06173018
			}
		},
		{
			"type" : "Feature",
			"geometry" : {
				"type" : "Point",
				"coordinates" : [ -0.0607629998, 51.4411309997 ]
			},
			"properties" : {
				"objectid" : 19,
				"Approve" : "Yes",
				"cs_address_one" : "100 London Rd",
				"cs_address_two" : null,
				"cs_borough" : "Lewisham",
				"cs_cooling_facilities" : " Air conditioning, Natural cooling/ventilation, Ceiling fans ",
				"cs_cooling_facilities_other" : null,
				"cs_heat_vulnerable" : " young children, older people, pregnant women ",
				"cs_heat_vulnerable_other" : null,
				"cs_indoor_site_id" : 33,
				"cs_max_seating" : 40,
				"cs_name" : "Horniman Museum",
				"cs_opening_hours" : "10am to 5.30pm daily",
				"cs_postcode" : null,
				"cs_toilets_available" : "Available on site",
				"cs_wheelchair_access" : "Yes",
				"has_drinking_water" : "Yes",
				"has_seating" : "Yes",
				"indoor_cooling_temp" : "Cannot guarantee 26C, but the space is always cooler than the outside temperature",
				"is_free_of_charge" : "Yes",
				"is_staffed_when_open" : "Yes",
				"org_name" : "Horniman Museum and Gardens",
				"runtime" : 20250527,
				"Tier" : "Tier 1",
				"x" : 534874.1634,
				"y" : 173131.9688
			}
		},
		{
			"type" : "Feature",
			"geometry" : {
				"type" : "Point",
				"coordinates" : [ -0.16033, 51.48675 ]
			},
			"properties" : {
				"objectid" : 20,
				"Approve" : "Yes",
				"cs_address_one" : "Royal Hospital Road, Chelsea",
				"cs_address_two" : null,
				"cs_borough" : "Kensington and Chelsea",
				"cs_cooling_facilities" : "Air conditioning",
				"cs_cooling_facilities_other" : null,
				"cs_heat_vulnerable" : " young children, older people, pregnant women ",
				"cs_heat_vulnerable_other" : null,
				"cs_indoor_site_id" : 32,
				"cs_max_seating" : 0,
				"cs_name" : "National Army Museum",
				"cs_opening_hours" : "10.00 -17.30 (17.00 Last Admission)",
				"cs_postcode" : null,
				"cs_toilets_available" : "Available on site",
				"cs_wheelchair_access" : "Yes",
				"has_drinking_water" : "Yes",
				"has_seating" : "Yes",
				"indoor_cooling_temp" : "Indoor temperature of 26C or less",
				"is_free_of_charge" : "Yes",
				"is_staffed_when_open" : "Yes",
				"org_name" : "National Army Museum",
				"runtime" : 20250527,
				"Tier" : "Tier 1",
				"x" : 527827.346000356,
				"y" : 178026.347013096
			}
		},
		{
			"type" : "Feature",
			"geometry" : {
				"type" : "Point",
				"coordinates" : [ -0.16551, 51.426 ]
			},
			"properties" : {
				"objectid" : 21,
				"Approve" : "Yes",
				"cs_address_one" : "75 Mitcham Road",
				"cs_address_two" : null,
				"cs_borough" : "Wandsworth",
				"cs_cooling_facilities" : "Air conditioning,Natural cooling/ventilation,Stand up fans",
				"cs_cooling_facilities_other" : null,
				"cs_heat_vulnerable" : " young children, older people, pregnant women ",
				"cs_heat_vulnerable_other" : null,
				"cs_indoor_site_id" : 34,
				"cs_max_seating" : 10,
				"cs_name" : "Tooting Library",
				"cs_opening_hours" : "Mon, Tue, Thu 9:00 AM to 7:00 PM. Fri and Sat 9:00 AM to 5:00 PM, Sun 1:00 PM to 5:00 PM.  Closed Wed.",
				"cs_postcode" : null,
				"cs_toilets_available" : "Available on site",
				"cs_wheelchair_access" : "Yes",
				"has_drinking_water" : "Yes",
				"has_seating" : "Yes",
				"indoor_cooling_temp" : "Cannot guarantee 26C, but the space is always cooler than the outside temperature",
				"is_free_of_charge" : "Yes",
				"is_staffed_when_open" : "Yes",
				"org_name" : "Wandsworth Libraries",
				"runtime" : 20250527,
				"Tier" : "Tier 1",
				"x" : 527636.849251935,
				"y" : 171261.874078823
			}
		},
		{
			"type" : "Feature",
			"geometry" : {
				"type" : "Point",
				"coordinates" : [ -0.175124807, 51.467174438 ]
			},
			"properties" : {
				"objectid" : 22,
				"Approve" : "Yes",
				"cs_address_one" : "34 Lavender Road",
				"cs_address_two" : null,
				"cs_borough" : "Wandsworth",
				"cs_cooling_facilities" : "Stand up fans,Natural cooling/ventilation",
				"cs_cooling_facilities_other" : null,
				"cs_heat_vulnerable" : " young children, older people, pregnant women ",
				"cs_heat_vulnerable_other" : null,
				"cs_indoor_site_id" : 35,
				"cs_max_seating" : 6,
				"cs_name" : "York Gardens Library",
				"cs_opening_hours" : "Tue 12:00-6:00PM, Wed 10:00AM-7:00PM, Thu 12:00PM-5:00PM, Fri 11:00AM-5:00PM and Sat 10:30AM-2:30PM.  Closed Mon, Sun and Bank Holidays",
				"cs_postcode" : null,
				"cs_toilets_available" : "Available on site",
				"cs_wheelchair_access" : "Yes",
				"has_drinking_water" : "Yes",
				"has_seating" : "Yes",
				"indoor_cooling_temp" : "Cannot guarantee 26C, but the space is always cooler than the outside temperature",
				"is_free_of_charge" : "Yes",
				"is_staffed_when_open" : "Yes",
				"org_name" : "Wandsworth Libraries",
				"runtime" : 20250527,
				"Tier" : "Tier 2",
				"x" : 526854.419230219,
				"y" : 175823.794858929
			}
		},
		{
			"type" : "Feature",
			"geometry" : {
				"type" : "Point",
				"coordinates" : [ -0.192563257, 51.45616387 ]
			},
			"properties" : {
				"objectid" : 23,
				"Approve" : "Yes",
				"cs_address_one" : "11 Garratt Lane",
				"cs_address_two" : null,
				"cs_borough" : "Wandsworth",
				"cs_cooling_facilities" : "Stand up fans,Natural cooling/ventilation",
				"cs_cooling_facilities_other" : null,
				"cs_heat_vulnerable" : " young children, older people, pregnant women ",
				"cs_heat_vulnerable_other" : null,
				"cs_indoor_site_id" : 36,
				"cs_max_seating" : 10,
				"cs_name" : "Wandsworth Town Library",
				"cs_opening_hours" : "Tue 9:00 AM-7:00 PM, Wed 9:00 AM-7:00 PM, Thu 9:00 AM-7:00 PM, Fri 9:00 AM-5:00 PM, Sat 9:00 AM-5:00 PM. Closed Mon and Sun",
				"cs_postcode" : null,
				"cs_toilets_available" : "Available on site",
				"cs_wheelchair_access" : "Yes",
				"has_drinking_water" : "Yes",
				"has_seating" : "Yes",
				"indoor_cooling_temp" : "Cannot guarantee 26C, but the space is always cooler than the outside temperature",
				"is_free_of_charge" : "Yes",
				"is_staffed_when_open" : "Yes",
				"org_name" : "Wandsworth Libraries",
				"runtime" : 20250527,
				"Tier" : "Tier 1",
				"x" : 525673.435114272,
				"y" : 174569.384162543
			}
		},
		{
			"type" : "Feature",
			"geometry" : {
				"type" : "Point",
				"coordinates" : [ -0.16457, 51.4641 ]
			},
			"properties" : {
				"objectid" : 24,
				"Approve" : "Yes",
				"cs_address_one" : "265 LAVENDER HILL",
				"cs_address_two" : null,
				"cs_borough" : "Wandsworth",
				"cs_cooling_facilities" : "Natural cooling/ventilation,Stand up fans",
				"cs_cooling_facilities_other" : null,
				"cs_heat_vulnerable" : " young children, older people, pregnant women ",
				"cs_heat_vulnerable_other" : null,
				"cs_indoor_site_id" : 38,
				"cs_max_seating" : 10,
				"cs_name" : "Battersea Library",
				"cs_opening_hours" : "9AM-8PM MON, TUE, WED, 9AM-8PM FRI, 9AM-6PM SAT 9AM-5PM, SUN 1PM-5PM  CLOSED THUR",
				"cs_postcode" : null,
				"cs_toilets_available" : "Available on site",
				"cs_wheelchair_access" : "Yes",
				"has_drinking_water" : "Yes",
				"has_seating" : "Yes",
				"indoor_cooling_temp" : "Cannot guarantee 26C, but the space is always cooler than the outside temperature",
				"is_free_of_charge" : "Yes",
				"is_staffed_when_open" : "Yes",
				"org_name" : "Wandsworth Libraries",
				"runtime" : 20250527,
				"Tier" : "Tier 1",
				"x" : 527596.070540579,
				"y" : 175500.229849445
			}
		},
		{
			"type" : "Feature",
			"geometry" : {
				"type" : "Point",
				"coordinates" : [ -0.186569513, 51.442303663 ]
			},
			"properties" : {
				"objectid" : 25,
				"Approve" : "Yes",
				"cs_address_one" : "276 Magdalen Road",
				"cs_address_two" : null,
				"cs_borough" : "Wandsworth",
				"cs_cooling_facilities" : "Natural cooling/ventilation",
				"cs_cooling_facilities_other" : null,
				"cs_heat_vulnerable" : " young children, older people, pregnant women ",
				"cs_heat_vulnerable_other" : null,
				"cs_indoor_site_id" : 39,
				"cs_max_seating" : 6,
				"cs_name" : "Eearlsfield Library",
				"cs_opening_hours" : "9-7PM MON, THUR, 9-5PM FRI, SAT 9.30AM-5PM, CLOSED TUE, WED AND SUN",
				"cs_postcode" : null,
				"cs_toilets_available" : "Available on site",
				"cs_wheelchair_access" : "Yes",
				"has_drinking_water" : "Yes",
				"has_seating" : "Yes",
				"indoor_cooling_temp" : "Cannot guarantee 26C, but the space is always cooler than the outside temperature",
				"is_free_of_charge" : "Yes",
				"is_staffed_when_open" : "Yes",
				"org_name" : "Wandsworth Libraries",
				"runtime" : 20250527,
				"Tier" : "Tier 2",
				"x" : 526127.980363171,
				"y" : 173038.41349011
			}
		},
		{
			"type" : "Feature",
			"geometry" : {
				"type" : "Point",
				"coordinates" : [ -0.164340036, 51.455139984 ]
			},
			"properties" : {
				"objectid" : 26,
				"Approve" : "Yes",
				"cs_address_one" : "150 Northcote Road",
				"cs_address_two" : null,
				"cs_borough" : "Wandsworth",
				"cs_cooling_facilities" : "Natural cooling/ventilation",
				"cs_cooling_facilities_other" : null,
				"cs_heat_vulnerable" : " young children, older people, pregnant women ",
				"cs_heat_vulnerable_other" : null,
				"cs_indoor_site_id" : 40,
				"cs_max_seating" : 6,
				"cs_name" : "Northcote Library",
				"cs_opening_hours" : "9AM-7PM MON, THUR, 9AM-7PM, FRI 9AM-5PM, SAT 9.30AM-2.30PM CLOSED TUE, WED AND SUN",
				"cs_postcode" : null,
				"cs_toilets_available" : "Available on site",
				"cs_wheelchair_access" : "Yes",
				"has_drinking_water" : "Yes",
				"has_seating" : "Yes",
				"indoor_cooling_temp" : "Cannot guarantee 26C, but the space is always cooler than the outside temperature",
				"is_free_of_charge" : "Yes",
				"is_staffed_when_open" : "Yes",
				"org_name" : "Wandsworth Libraries",
				"runtime" : 20250527,
				"Tier" : "Tier 2",
				"x" : 527637.001880912,
				"y" : 174504.264288364
			}
		},
		{
			"type" : "Feature",
			"geometry" : {
				"type" : "Point",
				"coordinates" : [ -0.24216, 51.44966 ]
			},
			"properties" : {
				"objectid" : 27,
				"Approve" : "Yes",
				"cs_address_one" : "2 DANEBURY AVENUE",
				"cs_address_two" : null,
				"cs_borough" : "Wandsworth",
				"cs_cooling_facilities" : "Natural cooling/ventilation",
				"cs_cooling_facilities_other" : null,
				"cs_heat_vulnerable" : " young children, older people, pregnant women ",
				"cs_heat_vulnerable_other" : null,
				"cs_indoor_site_id" : 41,
				"cs_max_seating" : 8,
				"cs_name" : "Roehampton Library",
				"cs_opening_hours" : "MON, WED 9-7PM, FRI 9-5PM, SAT 9.30-2.30PM. CLOSED TUE, THU AND SUN",
				"cs_postcode" : null,
				"cs_toilets_available" : "Available on site",
				"cs_wheelchair_access" : "Yes",
				"has_drinking_water" : "Yes",
				"has_seating" : "Yes",
				"indoor_cooling_temp" : "Cannot guarantee 26C, but the space is always cooler than the outside temperature",
				"is_free_of_charge" : "Yes",
				"is_staffed_when_open" : "Yes",
				"org_name" : "Wandsworth Libraries",
				"runtime" : 20250527,
				"Tier" : "Tier 2",
				"x" : 522245.166561059,
				"y" : 173762.327348039
			}
		},
		{
			"type" : "Feature",
			"geometry" : {
				"type" : "Point",
				"coordinates" : [ -0.208730009, 51.443540017 ]
			},
			"properties" : {
				"objectid" : 28,
				"Approve" : "Yes",
				"cs_address_one" : "300 Wimbledon Park Road",
				"cs_address_two" : null,
				"cs_borough" : "Wandsworth",
				"cs_cooling_facilities" : "Natural cooling/ventilation",
				"cs_cooling_facilities_other" : null,
				"cs_heat_vulnerable" : " young children, older people, pregnant women ",
				"cs_heat_vulnerable_other" : null,
				"cs_indoor_site_id" : 37,
				"cs_max_seating" : 6,
				"cs_name" : "Southfields Library",
				"cs_opening_hours" : "TUE, WED 9:00 AM TO 7:00 PM, FRI 9:00 AM TO 5:00 PM AND SAT 09:30 AM TO 2:30 PM. CLOSED MON, THU AND SUN",
				"cs_postcode" : null,
				"cs_toilets_available" : "Available on site",
				"cs_wheelchair_access" : "Yes",
				"has_drinking_water" : "Yes",
				"has_seating" : "Yes",
				"indoor_cooling_temp" : "Cannot guarantee 26C, but the space is always cooler than the outside temperature",
				"is_free_of_charge" : "Yes",
				"is_staffed_when_open" : "Yes",
				"org_name" : "Wandsworth Libraries",
				"runtime" : 20250527,
				"Tier" : "Tier 2",
				"x" : 524584.617641211,
				"y" : 173138.028959054
			}
		},
		{
			"type" : "Feature",
			"geometry" : {
				"type" : "Point",
				"coordinates" : [ -0.21554, 51.46147 ]
			},
			"properties" : {
				"objectid" : 29,
				"Approve" : "Yes",
				"cs_address_one" : "5/7 DISRAELI ROAD",
				"cs_address_two" : null,
				"cs_borough" : "Wandsworth",
				"cs_cooling_facilities" : "Natural cooling/ventilation,Stand up fans",
				"cs_cooling_facilities_other" : null,
				"cs_heat_vulnerable" : " young children, older people, pregnant women ",
				"cs_heat_vulnerable_other" : null,
				"cs_indoor_site_id" : 42,
				"cs_max_seating" : 10,
				"cs_name" : "Putney Library",
				"cs_opening_hours" : "9AM-8PM MON,WED, THU. 9-5 FRI AND SAT, 1PM-5PM SUN. CLOSED TUE",
				"cs_postcode" : null,
				"cs_toilets_available" : "Available on site",
				"cs_wheelchair_access" : "Yes",
				"has_drinking_water" : "Yes",
				"has_seating" : "Yes",
				"indoor_cooling_temp" : "Cannot guarantee 26C, but the space is always cooler than the outside temperature",
				"is_free_of_charge" : "Yes",
				"is_staffed_when_open" : "Yes",
				"org_name" : "Wandsworth Libraries",
				"runtime" : 20250527,
				"Tier" : "Tier 1",
				"x" : 524062.824041981,
				"y" : 175120.313040391
			}
		},
		{
			"type" : "Feature",
			"geometry" : {
				"type" : "Point",
				"coordinates" : [ -0.357919211, 51.45211359 ]
			},
			"properties" : {
				"objectid" : 30,
				"Approve" : "Yes",
				"cs_address_one" : "115B High Street Whitton",
				"cs_address_two" : null,
				"cs_borough" : "Richmond upon Thames",
				"cs_cooling_facilities" : "Natural cooling/ventilation,Stand up fans",
				"cs_cooling_facilities_other" : null,
				"cs_heat_vulnerable" : "young children,older people",
				"cs_heat_vulnerable_other" : null,
				"cs_indoor_site_id" : 44,
				"cs_max_seating" : 10,
				"cs_name" : "Transit Community Support CIC",
				"cs_opening_hours" : "Weekday 10am - 5pm , Saturdays 11.00am - 4pm",
				"cs_postcode" : null,
				"cs_toilets_available" : "Available on site",
				"cs_wheelchair_access" : "Yes",
				"has_drinking_water" : "Yes",
				"has_seating" : "Yes",
				"indoor_cooling_temp" : "Cannot guarantee 26C, but the space is always cooler than the outside temperature",
				"is_free_of_charge" : "Yes",
				"is_staffed_when_open" : "Yes",
				"org_name" : "Transit Community Support CIC",
				"runtime" : 20250527,
				"Tier" : "Tier 2",
				"x" : 514195.74632784,
				"y" : 173848.524323316
			}
		},
		{
			"type" : "Feature",
			"geometry" : {
				"type" : "Point",
				"coordinates" : [ -0.12966997, 51.561150021 ]
			},
			"properties" : {
				"objectid" : 31,
				"Approve" : "Yes",
				"cs_address_one" : "YERBURY ROAD",
				"cs_address_two" : null,
				"cs_borough" : "Islington",
				"cs_cooling_facilities" : "Natural cooling/ventilation,Stand up fans",
				"cs_cooling_facilities_other" : null,
				"cs_heat_vulnerable" : " young children, older people, pregnant women ",
				"cs_heat_vulnerable_other" : null,
				"cs_indoor_site_id" : 43,
				"cs_max_seating" : 20,
				"cs_name" : "Whittington Park Lounge ",
				"cs_opening_hours" : "MONDAYS TO THURSDAY 10am-4pm",
				"cs_postcode" : null,
				"cs_toilets_available" : "Available on site",
				"cs_wheelchair_access" : "Yes",
				"has_drinking_water" : "Yes",
				"has_seating" : "Yes",
				"indoor_cooling_temp" : "Cannot guarantee 26C, but the space is always cooler than the outside temperature",
				"is_free_of_charge" : "Yes",
				"is_staffed_when_open" : "Yes",
				"org_name" : "whittington park community association ",
				"runtime" : 20250527,
				"Tier" : "Tier 2",
				"x" : 529744.382455293,
				"y" : 186353.644500044
			}
		},
		{
			"type" : "Feature",
			"geometry" : {
				"type" : "Point",
				"coordinates" : [ -0.287459968, 51.621559989 ]
			},
			"properties" : {
				"objectid" : 32,
				"Approve" : "Yes",
				"cs_address_one" : "5 Hayling Way",
				"cs_address_two" : null,
				"cs_borough" : "Barnet",
				"cs_cooling_facilities" : "Stand up fans,Natural cooling/ventilation",
				"cs_cooling_facilities_other" : null,
				"cs_heat_vulnerable" : " young children, older people, pregnant women ",
				"cs_heat_vulnerable_other" : null,
				"cs_indoor_site_id" : 56,
				"cs_max_seating" : 35,
				"cs_name" : "OneStonegrove",
				"cs_opening_hours" : "9am-7pm Mon-Fri. 10am-5pm Public Holidays. Closed on weekend.",
				"cs_postcode" : null,
				"cs_toilets_available" : "Available on site",
				"cs_wheelchair_access" : "Yes",
				"has_drinking_water" : "Yes",
				"has_seating" : "Yes",
				"indoor_cooling_temp" : "Cannot guarantee 26C, but the space is always cooler than the outside temperature",
				"is_free_of_charge" : "Yes",
				"is_staffed_when_open" : "Yes",
				"org_name" : "Stonegrove Community Trust",
				"runtime" : 20250527,
				"Tier" : "Tier 1",
				"x" : 518650.109671422,
				"y" : 192803.759364141
			}
		},
		{
			"type" : "Feature",
			"geometry" : {
				"type" : "Point",
				"coordinates" : [ -0.208349973, 51.422240008 ]
			},
			"properties" : {
				"objectid" : 33,
				"Approve" : "Yes",
				"cs_address_one" : "16 Wimbledon Hill Road",
				"cs_address_two" : null,
				"cs_borough" : "Merton",
				"cs_cooling_facilities" : "Natural cooling/ventilation,Stand up fans",
				"cs_cooling_facilities_other" : null,
				"cs_heat_vulnerable" : " young children, older people, pregnant women ",
				"cs_heat_vulnerable_other" : null,
				"cs_indoor_site_id" : 61,
				"cs_max_seating" : 60,
				"cs_name" : "Wimbledon Library",
				"cs_opening_hours" : "Monday-Friday, 9.30am-7pm.  Saturday 9.30am-5pm",
				"cs_postcode" : null,
				"cs_toilets_available" : "Available on site",
				"cs_wheelchair_access" : "Yes",
				"has_drinking_water" : "Yes",
				"has_seating" : "Yes",
				"indoor_cooling_temp" : "Cannot guarantee 26C, but the space is always cooler than the outside temperature",
				"is_free_of_charge" : "Yes",
				"is_staffed_when_open" : "Yes",
				"org_name" : "Merton Libraries",
				"runtime" : 20250527,
				"Tier" : "Tier 1",
				"x" : 524668.924018079,
				"y" : 170770.104958776
			}
		},
		{
			"type" : "Feature",
			"geometry" : {
				"type" : "Point",
				"coordinates" : [ -0.23832, 51.39466 ]
			},
			"properties" : {
				"objectid" : 34,
				"Approve" : "Yes",
				"cs_address_one" : "Station Road",
				"cs_address_two" : null,
				"cs_borough" : "Merton",
				"cs_cooling_facilities" : "Air conditioning",
				"cs_cooling_facilities_other" : null,
				"cs_heat_vulnerable" : " young children, older people, pregnant women ",
				"cs_heat_vulnerable_other" : null,
				"cs_indoor_site_id" : 62,
				"cs_max_seating" : 25,
				"cs_name" : "West Barnes Library",
				"cs_opening_hours" : "Monday, Tuesday, Thursday, Friday 8am-8pm. Saturday 8am-5pm",
				"cs_postcode" : null,
				"cs_toilets_available" : "Not available",
				"cs_wheelchair_access" : "Yes",
				"has_drinking_water" : "Yes",
				"has_seating" : "Yes",
				"indoor_cooling_temp" : "Indoor temperature of 26C or less",
				"is_free_of_charge" : "Yes",
				"is_staffed_when_open" : "Yes",
				"org_name" : "Merton Libraries",
				"runtime" : 20250527,
				"Tier" : "Tier 2",
				"x" : 522659.009874242,
				"y" : 167652.626638137
			}
		},
		{
			"type" : "Feature",
			"geometry" : {
				"type" : "Point",
				"coordinates" : [ -0.227690041, 51.409099992 ]
			},
			"properties" : {
				"objectid" : 35,
				"Approve" : "Yes",
				"cs_address_one" : "21 Approach Road",
				"cs_address_two" : null,
				"cs_borough" : "Merton",
				"cs_cooling_facilities" : "Air conditioning",
				"cs_cooling_facilities_other" : null,
				"cs_heat_vulnerable" : " young children, older people, pregnant women ",
				"cs_heat_vulnerable_other" : null,
				"cs_indoor_site_id" : 64,
				"cs_max_seating" : 20,
				"cs_name" : "Raynes Park Library",
				"cs_opening_hours" : "Mon/Tues/Thurs/Fri (8am - 8pm) & Saturday (8am - 5pm) - Closed on Wednesdays and Sundays - same for West Barnes",
				"cs_postcode" : null,
				"cs_toilets_available" : "Available on site",
				"cs_wheelchair_access" : "Yes",
				"has_drinking_water" : "Yes",
				"has_seating" : "Yes",
				"indoor_cooling_temp" : "Indoor temperature of 26C or less",
				"is_free_of_charge" : "Yes",
				"is_staffed_when_open" : "Yes",
				"org_name" : "Merton Libraries",
				"runtime" : 20250527,
				"Tier" : "Tier 1",
				"x" : 523359.675458834,
				"y" : 169276.202478031
			}
		},
		{
			"type" : "Feature",
			"geometry" : {
				"type" : "Point",
				"coordinates" : [ -0.111839986, 51.504070014 ]
			},
			"properties" : {
				"objectid" : 36,
				"Approve" : "Yes",
				"cs_address_one" : "73 Waterloo Road",
				"cs_address_two" : null,
				"cs_borough" : "Lambeth",
				"cs_cooling_facilities" : "Natural cooling/ventilation",
				"cs_cooling_facilities_other" : null,
				"cs_heat_vulnerable" : " young children, older people, pregnant women ",
				"cs_heat_vulnerable_other" : null,
				"cs_indoor_site_id" : 67,
				"cs_max_seating" : 30,
				"cs_name" : "St John's Waterloo",
				"cs_opening_hours" : "Monday and Tuesday 9am to 5pm",
				"cs_postcode" : null,
				"cs_toilets_available" : "Available on site",
				"cs_wheelchair_access" : "Yes",
				"has_drinking_water" : "Yes",
				"has_seating" : "Yes",
				"indoor_cooling_temp" : "Indoor temperature of 26C or less",
				"is_free_of_charge" : "Yes",
				"is_staffed_when_open" : "Yes",
				"org_name" : "The Bridge at Waterloo",
				"runtime" : 20250527,
				"Tier" : "Tier 2",
				"x" : 531144.093729895,
				"y" : 180038.045037835
			}
		},
		{
			"type" : "Feature",
			"geometry" : {
				"type" : "Point",
				"coordinates" : [ -0.14501, 51.57672 ]
			},
			"properties" : {
				"objectid" : 37,
				"Approve" : "Yes",
				"cs_address_one" : "Jacksons Lane, 269A Archway Road",
				"cs_address_two" : null,
				"cs_borough" : "Haringey",
				"cs_cooling_facilities" : "Stand up fans,Natural cooling/ventilation,other",
				"cs_cooling_facilities_other" : null,
				"cs_heat_vulnerable" : " young children, older people, pregnant women ",
				"cs_heat_vulnerable_other" : null,
				"cs_indoor_site_id" : 70,
				"cs_max_seating" : 60,
				"cs_name" : "Jacksons Lane",
				"cs_opening_hours" : "Monday-Saturday 10am-10pm, Sundays 10am-6pm.",
				"cs_postcode" : null,
				"cs_toilets_available" : "Available on site",
				"cs_wheelchair_access" : "Yes",
				"has_drinking_water" : "Yes",
				"has_seating" : "Yes",
				"indoor_cooling_temp" : "Cannot guarantee 26C, but the space is always cooler than the outside temperature",
				"is_free_of_charge" : "Yes",
				"is_staffed_when_open" : "Yes",
				"org_name" : "Jacksons Lane",
				"runtime" : 20250527,
				"Tier" : "Tier 1",
				"x" : 528637.212014414,
				"y" : 188058.022882031
			}
		},
		{
			"type" : "Feature",
			"geometry" : {
				"type" : "Point",
				"coordinates" : [ -0.05876, 51.4278 ]
			},
			"properties" : {
				"objectid" : 38,
				"Approve" : "Yes",
				"cs_address_one" : "12 Westwood Hill",
				"cs_address_two" : null,
				"cs_borough" : "Lewisham",
				"cs_cooling_facilities" : "Natural cooling/ventilation",
				"cs_cooling_facilities_other" : null,
				"cs_heat_vulnerable" : " young children, older people, pregnant women ",
				"cs_heat_vulnerable_other" : null,
				"cs_indoor_site_id" : 66,
				"cs_max_seating" : 300,
				"cs_name" : "St Bartholomew's Church, Sydenham",
				"cs_opening_hours" : "Monday  10:00 – 12:00 Tuesday 17:00 – 18:00 Wednesday  17:00 – 18:00 Thursday 11:30 – 13:30 Saturday 10:00 – 12:00",
				"cs_postcode" : null,
				"cs_toilets_available" : "Available on site",
				"cs_wheelchair_access" : "Yes",
				"has_drinking_water" : "Yes",
				"has_seating" : "Yes",
				"indoor_cooling_temp" : "Cannot guarantee 26C, but the space is always cooler than the outside temperature",
				"is_free_of_charge" : "Yes",
				"is_staffed_when_open" : "Yes",
				"org_name" : "St Bartholomew's Church, Sydenham",
				"runtime" : 20250527,
				"Tier" : "Tier 2",
				"x" : 535052.635228107,
				"y" : 171653.267074237
			}
		},
		{
			"type" : "Feature",
			"geometry" : {
				"type" : "Point",
				"coordinates" : [ -0.1092664081, 51.5948455477 ]
			},
			"properties" : {
				"objectid" : 39,
				"Approve" : "Yes",
				"cs_address_one" : "Unit 17A The Mall",
				"cs_address_two" : null,
				"cs_borough" : "Haringey",
				"cs_cooling_facilities" : "Air conditioning,Natural cooling/ventilation",
				"cs_cooling_facilities_other" : null,
				"cs_heat_vulnerable" : " young children, older people, pregnant women ",
				"cs_heat_vulnerable_other" : null,
				"cs_indoor_site_id" : 63,
				"cs_max_seating" : 50,
				"cs_name" : "The RecordShop",
				"cs_opening_hours" : "Wednesday - Friday from 10 - 6pm and flexible on Weekends. Please enquire. ",
				"cs_postcode" : null,
				"cs_toilets_available" : "Available on site",
				"cs_wheelchair_access" : "Yes",
				"has_drinking_water" : "Yes",
				"has_seating" : "Yes",
				"indoor_cooling_temp" : "Indoor temperature of 26C or less",
				"is_free_of_charge" : "Yes",
				"is_staffed_when_open" : "Yes",
				"org_name" : "The RecShop CIC",
				"runtime" : 20250527,
				"Tier" : "Tier 2",
				"x" : 531061.779199999,
				"y" : 190137.1116
			}
		},
		{
			"type" : "Feature",
			"geometry" : {
				"type" : "Point",
				"coordinates" : [ -0.0891739999, 51.5061670002 ]
			},
			"properties" : {
				"objectid" : 41,
				"Approve" : "Yes",
				"cs_address_one" : "London Bridge",
				"cs_address_two" : null,
				"cs_borough" : "Southwark",
				"cs_cooling_facilities" : " Natural cooling/ventilation, other ",
				"cs_cooling_facilities_other" : null,
				"cs_heat_vulnerable" : " young children, older people, pregnant women ",
				"cs_heat_vulnerable_other" : null,
				"cs_indoor_site_id" : 72,
				"cs_max_seating" : 300,
				"cs_name" : "Southwark Cathedral",
				"cs_opening_hours" : "9am - 6pm daily",
				"cs_postcode" : null,
				"cs_toilets_available" : "Available on site",
				"cs_wheelchair_access" : "Yes",
				"has_drinking_water" : "Yes",
				"has_seating" : "Yes",
				"indoor_cooling_temp" : "Indoor temperature of 26C or less",
				"is_free_of_charge" : "Yes",
				"is_staffed_when_open" : "Yes",
				"org_name" : "Southwark Cathedral",
				"runtime" : 20250527,
				"Tier" : "Tier 1",
				"x" : 532710.999599999,
				"y" : 180312.0493
			}
		},
		{
			"type" : "Feature",
			"geometry" : {
				"type" : "Point",
				"coordinates" : [ 0.11028, 51.49334 ]
			},
			"properties" : {
				"objectid" : 42,
				"Approve" : "Yes",
				"cs_address_one" : "Eysham Drive",
				"cs_address_two" : null,
				"cs_borough" : "Greenwich",
				"cs_cooling_facilities" : "Air conditioning,Stand up fans,Natural cooling/ventilation",
				"cs_cooling_facilities_other" : null,
				"cs_heat_vulnerable" : " young children, older people, pregnant women ",
				"cs_heat_vulnerable_other" : null,
				"cs_indoor_site_id" : 79,
				"cs_max_seating" : 8,
				"cs_name" : "Abbey Wood Library",
				"cs_opening_hours" : "Mon 14:00 - 19:00 Tue 09:00 - 13:00 and 14:00 - 17:30 Wed Closed Thu 14:00 - 19:00 Fri 09:00 - 13:00 and 14:00 - 17:30 Sat 09:00 - 13:00 and 14:00 - 17:00 Sun Closed",
				"cs_postcode" : null,
				"cs_toilets_available" : "Not available",
				"cs_wheelchair_access" : "Yes",
				"has_drinking_water" : "Yes",
				"has_seating" : "Yes",
				"indoor_cooling_temp" : "Indoor temperature of 26C or less",
				"is_free_of_charge" : "Yes",
				"is_staffed_when_open" : "Yes",
				"org_name" : "Greenwich Leisure Limted",
				"runtime" : 20250527,
				"Tier" : "Tier 2",
				"x" : 546593.267676346,
				"y" : 179266.052738914
			}
		},
		{
			"type" : "Feature",
			"geometry" : {
				"type" : "Point",
				"coordinates" : [ 0.02123, 51.47697 ]
			},
			"properties" : {
				"objectid" : 43,
				"Approve" : "Yes",
				"cs_address_one" : "Old Dover Road",
				"cs_address_two" : null,
				"cs_borough" : "Greenwich",
				"cs_cooling_facilities" : "Air conditioning,Stand up fans,Natural cooling/ventilation",
				"cs_cooling_facilities_other" : null,
				"cs_heat_vulnerable" : " young children, older people, pregnant women ",
				"cs_heat_vulnerable_other" : null,
				"cs_indoor_site_id" : 80,
				"cs_max_seating" : 35,
				"cs_name" : "Blackheath Library",
				"cs_opening_hours" : "Mon-Sat 9am - 5.00pm Sundays closed",
				"cs_postcode" : null,
				"cs_toilets_available" : "Available on site",
				"cs_wheelchair_access" : "Yes",
				"has_drinking_water" : "Yes",
				"has_seating" : "Yes",
				"indoor_cooling_temp" : "Indoor temperature of 26C or less",
				"is_free_of_charge" : "Yes",
				"is_staffed_when_open" : "Yes",
				"org_name" : "Greenwich Leisure Limited",
				"runtime" : 20250527,
				"Tier" : "Tier 1",
				"x" : 540462.284073058,
				"y" : 177271.237607643
			}
		},
		{
			"type" : "Feature",
			"geometry" : {
				"type" : "Point",
				"coordinates" : [ 0.06364, 51.43378 ]
			},
			"properties" : {
				"objectid" : 44,
				"Approve" : "Yes",
				"cs_address_one" : "William Barefoot Drive",
				"cs_address_two" : null,
				"cs_borough" : "Greenwich",
				"cs_cooling_facilities" : "Stand up fans,Air conditioning,Natural cooling/ventilation",
				"cs_cooling_facilities_other" : null,
				"cs_heat_vulnerable" : "young children,older people",
				"cs_heat_vulnerable_other" : null,
				"cs_indoor_site_id" : 82,
				"cs_max_seating" : 6,
				"cs_name" : "Coldharbour Library",
				"cs_opening_hours" : "Mon 14:00 - 19:00 Tue 09:00 - 13:00 and 14:00 - 17:30 Wed Closed Thu 14:00 - 19:00 Fri 09:00 - 13:00 and 14:00 - 17:30 Sat 09:00 - 13:00 and 14:00 - 17:00 Sun Closed",
				"cs_postcode" : null,
				"cs_toilets_available" : "Available on site",
				"cs_wheelchair_access" : "Yes",
				"has_drinking_water" : "Yes",
				"has_seating" : "Yes",
				"indoor_cooling_temp" : "Indoor temperature of 26C or less",
				"is_free_of_charge" : "Yes",
				"is_staffed_when_open" : "Yes",
				"org_name" : "Greenwich Leisure Limited",
				"runtime" : 20250527,
				"Tier" : "Tier 2",
				"x" : 543542.517557123,
				"y" : 172550.717605669
			}
		},
		{
			"type" : "Feature",
			"geometry" : {
				"type" : "Point",
				"coordinates" : [ 0.008130027, 51.48467999 ]
			},
			"properties" : {
				"objectid" : 45,
				"Approve" : "Yes",
				"cs_address_one" : "12 Lambarde Square",
				"cs_address_two" : null,
				"cs_borough" : "Greenwich",
				"cs_cooling_facilities" : "Air conditioning,Stand up fans,Natural cooling/ventilation",
				"cs_cooling_facilities_other" : null,
				"cs_heat_vulnerable" : " young children, older people, pregnant women ",
				"cs_heat_vulnerable_other" : null,
				"cs_indoor_site_id" : 74,
				"cs_max_seating" : 70,
				"cs_name" : "Greenwich Centre Library",
				"cs_opening_hours" : "Mon - Tue 10:00 - 18:00 Wed 10:00 - 20:00 Thu - Fri 10:00 - 18:00 Sat 10:00 - 17:00 Sun 12:00 - 16:00",
				"cs_postcode" : null,
				"cs_toilets_available" : "Available on site",
				"cs_wheelchair_access" : "Yes",
				"has_drinking_water" : "Yes",
				"has_seating" : "Yes",
				"indoor_cooling_temp" : "Indoor temperature of 26C or less",
				"is_free_of_charge" : "Yes",
				"is_staffed_when_open" : "Yes",
				"org_name" : "Greenwich Leisure Limited",
				"runtime" : 20250527,
				"Tier" : "Tier 1",
				"x" : 539529.079704091,
				"y" : 178103.562299299
			}
		},
		{
			"type" : "Feature",
			"geometry" : {
				"type" : "Point",
				"coordinates" : [ 0.07117, 51.43712 ]
			},
			"properties" : {
				"objectid" : 46,
				"Approve" : "Yes",
				"cs_address_one" : "Southwood Road",
				"cs_address_two" : null,
				"cs_borough" : "Greenwich",
				"cs_cooling_facilities" : "Air conditioning,Stand up fans,Natural cooling/ventilation",
				"cs_cooling_facilities_other" : null,
				"cs_heat_vulnerable" : "young children,older people",
				"cs_heat_vulnerable_other" : null,
				"cs_indoor_site_id" : 83,
				"cs_max_seating" : 20,
				"cs_name" : "New Eltham Library",
				"cs_opening_hours" : "Mon 14:00 - 19:00 Tue 09:00 - 17:30 Wed Closed Thu 14:00 - 19:00 Fri 09:00 - 17:30 Sat 09:00 - 17:00 Sun Closed",
				"cs_postcode" : null,
				"cs_toilets_available" : "Available on site",
				"cs_wheelchair_access" : "Yes",
				"has_drinking_water" : "Yes",
				"has_seating" : "Yes",
				"indoor_cooling_temp" : "Indoor temperature of 26C or less",
				"is_free_of_charge" : "Yes",
				"is_staffed_when_open" : "Yes",
				"org_name" : "Greenwich Leisure Limited",
				"runtime" : 20250527,
				"Tier" : "Tier 2",
				"x" : 544055.386141594,
				"y" : 172936.893171612
			}
		},
		{
			"type" : "Feature",
			"geometry" : {
				"type" : "Point",
				"coordinates" : [ 0.09666, 51.4865 ]
			},
			"properties" : {
				"objectid" : 47,
				"Approve" : "Yes",
				"cs_address_one" : "232 Plumstead High Street",
				"cs_address_two" : null,
				"cs_borough" : "Greenwich",
				"cs_cooling_facilities" : "Air conditioning,Natural cooling/ventilation",
				"cs_cooling_facilities_other" : null,
				"cs_heat_vulnerable" : " young children, older people, pregnant women ",
				"cs_heat_vulnerable_other" : null,
				"cs_indoor_site_id" : 75,
				"cs_max_seating" : 50,
				"cs_name" : "Plumstead Centre Library",
				"cs_opening_hours" : "Mon-Sat 9am - 5.00pm Sundays closed",
				"cs_postcode" : null,
				"cs_toilets_available" : "Available on site",
				"cs_wheelchair_access" : "Yes",
				"has_drinking_water" : "Yes",
				"has_seating" : "Yes",
				"indoor_cooling_temp" : "Indoor temperature of 26C or less",
				"is_free_of_charge" : "Yes",
				"is_staffed_when_open" : "Yes",
				"org_name" : "Greenwich Leisure Limited",
				"runtime" : 20250527,
				"Tier" : "Tier 1",
				"x" : 545669.656129324,
				"y" : 178478.278070046
			}
		},
		{
			"type" : "Feature",
			"geometry" : {
				"type" : "Point",
				"coordinates" : [ 0.10885, 51.50746 ]
			},
			"properties" : {
				"objectid" : 48,
				"Approve" : "Yes",
				"cs_address_one" : "Thamesmere Drive",
				"cs_address_two" : null,
				"cs_borough" : "Greenwich",
				"cs_cooling_facilities" : "Air conditioning,Stand up fans,Natural cooling/ventilation",
				"cs_cooling_facilities_other" : null,
				"cs_heat_vulnerable" : " young children, older people, pregnant women ",
				"cs_heat_vulnerable_other" : null,
				"cs_indoor_site_id" : 77,
				"cs_max_seating" : 20,
				"cs_name" : "Thamesmere Library",
				"cs_opening_hours" : "Mon-Sat 9am - 5.00pm Sundays closed",
				"cs_postcode" : null,
				"cs_toilets_available" : "Available on site",
				"cs_wheelchair_access" : "Yes",
				"has_drinking_water" : "Yes",
				"has_seating" : "Yes",
				"indoor_cooling_temp" : "Indoor temperature of 26C or less",
				"is_free_of_charge" : "Yes",
				"is_staffed_when_open" : "Yes",
				"org_name" : "Greenwich Leisure Limited",
				"runtime" : 20250527,
				"Tier" : "Tier 1",
				"x" : 546448.751727377,
				"y" : 180833.331954883
			}
		},
		{
			"type" : "Feature",
			"geometry" : {
				"type" : "Point",
				"coordinates" : [ 0.065610018, 51.489250013 ]
			},
			"properties" : {
				"objectid" : 49,
				"Approve" : "Yes",
				"cs_address_one" : "35 Wellington Street",
				"cs_address_two" : null,
				"cs_borough" : "Greenwich",
				"cs_cooling_facilities" : "Air conditioning,Stand up fans,Ceiling fans,Natural cooling/ventilation",
				"cs_cooling_facilities_other" : null,
				"cs_heat_vulnerable" : " young children, older people, pregnant women ",
				"cs_heat_vulnerable_other" : null,
				"cs_indoor_site_id" : 78,
				"cs_max_seating" : 70,
				"cs_name" : "Woolwich Library",
				"cs_opening_hours" : "Mon-Sat 9am - 5.00pm Sundays closed",
				"cs_postcode" : null,
				"cs_toilets_available" : "Available on site",
				"cs_wheelchair_access" : "Yes",
				"has_drinking_water" : "Yes",
				"has_seating" : "Yes",
				"indoor_cooling_temp" : "Indoor temperature of 26C or less",
				"is_free_of_charge" : "Yes",
				"is_staffed_when_open" : "Yes",
				"org_name" : "Greenwich Leisure Limited",
				"runtime" : 20250527,
				"Tier" : "Tier 1",
				"x" : 543505.413409723,
				"y" : 178722.796993648
			}
		},
		{
			"type" : "Feature",
			"geometry" : {
				"type" : "Point",
				"coordinates" : [ 0.08531, 51.47907 ]
			},
			"properties" : {
				"objectid" : 50,
				"Approve" : "Yes",
				"cs_address_one" : "Erindale, Plumstead",
				"cs_address_two" : null,
				"cs_borough" : "Greenwich",
				"cs_cooling_facilities" : "Air conditioning,Stand up fans,Natural cooling/ventilation",
				"cs_cooling_facilities_other" : null,
				"cs_heat_vulnerable" : " young children, older people, pregnant women ",
				"cs_heat_vulnerable_other" : null,
				"cs_indoor_site_id" : 76,
				"cs_max_seating" : 7,
				"cs_name" : "Slade Centre Library",
				"cs_opening_hours" : "Mon 14:00 - 19:00 Tue 09:00 - 13:00 and 14:00 - 17:30 Wed Closed Thu 14:00 - 19:00 Fri 09:00 - 13:00 and 14:00 - 17:30 Sat 09:00 - 13:00 and 14:00 - 17:00 Sun Closed",
				"cs_postcode" : null,
				"cs_toilets_available" : "Available on site",
				"cs_wheelchair_access" : "Yes",
				"has_drinking_water" : "Yes",
				"has_seating" : "Yes",
				"indoor_cooling_temp" : "Indoor temperature of 26C or less",
				"is_free_of_charge" : "Yes",
				"is_staffed_when_open" : "Yes",
				"org_name" : "Greenwich Leisure Limited",
				"runtime" : 20250527,
				"Tier" : "Tier 2",
				"x" : 544905.238695211,
				"y" : 177629.56293449
			}
		},
		{
			"type" : "Feature",
			"geometry" : {
				"type" : "Point",
				"coordinates" : [ 0.05698, 51.45193 ]
			},
			"properties" : {
				"objectid" : 51,
				"Approve" : "Yes",
				"cs_address_one" : "Archery Road",
				"cs_address_two" : null,
				"cs_borough" : "Greenwich",
				"cs_cooling_facilities" : "Air conditioning,Stand up fans,Natural cooling/ventilation",
				"cs_cooling_facilities_other" : null,
				"cs_heat_vulnerable" : " young children, older people, pregnant women ",
				"cs_heat_vulnerable_other" : null,
				"cs_indoor_site_id" : 73,
				"cs_max_seating" : 40,
				"cs_name" : "Eltham Library",
				"cs_opening_hours" : "Seven days a week 9am - 5.30pm",
				"cs_postcode" : null,
				"cs_toilets_available" : "Available on site",
				"cs_wheelchair_access" : "Yes",
				"has_drinking_water" : "Yes",
				"has_seating" : "Yes",
				"indoor_cooling_temp" : "Indoor temperature of 26C or less",
				"is_free_of_charge" : "Yes",
				"is_staffed_when_open" : "Yes",
				"org_name" : "Greenwich Leisure Limited",
				"runtime" : 20250527,
				"Tier" : "Tier 1",
				"x" : 543022.919427086,
				"y" : 174555.953719169
			}
		},
		{
			"type" : "Feature",
			"geometry" : {
				"type" : "Point",
				"coordinates" : [ 0.03686, 51.48057 ]
			},
			"properties" : {
				"objectid" : 53,
				"Approve" : "Yes",
				"cs_address_one" : "Charlton Road",
				"cs_address_two" : null,
				"cs_borough" : "Greenwich",
				"cs_cooling_facilities" : "Stand up fans,Natural cooling/ventilation",
				"cs_cooling_facilities_other" : null,
				"cs_heat_vulnerable" : "young children,older people",
				"cs_heat_vulnerable_other" : null,
				"cs_indoor_site_id" : 81,
				"cs_max_seating" : 4,
				"cs_name" : "Charlton House Library",
				"cs_opening_hours" : "Mon 14:00 - 19:00 Tue 09:00 - 13:00 and 14:00 - 17:30 Wed Closed Thu 14:00 - 19:00 Fri 09:00 - 13:00 and 14:00 - 17:30 Sat 09:00 - 13:00 and 14:00 - 17:00 Sun Closed",
				"cs_postcode" : null,
				"cs_toilets_available" : "Available on site",
				"cs_wheelchair_access" : "Yes",
				"has_drinking_water" : "Yes",
				"has_seating" : "Yes",
				"indoor_cooling_temp" : "Indoor temperature of 26C or less",
				"is_free_of_charge" : "Yes",
				"is_staffed_when_open" : "Yes",
				"org_name" : "Greenwich Leisure Limited",
				"runtime" : 20250527,
				"Tier" : "Tier 2",
				"x" : 541536.475531699,
				"y" : 177701.634515449
			}
		},
		{
			"type" : "Feature",
			"geometry" : {
				"type" : "Point",
				"coordinates" : [ -0.011520004, 51.478120019 ]
			},
			"properties" : {
				"objectid" : 54,
				"Approve" : "Yes",
				"cs_address_one" : "Greenwich High Road,",
				"cs_address_two" : null,
				"cs_borough" : "Greenwich",
				"cs_cooling_facilities" : "Air conditioning,Stand up fans,Natural cooling/ventilation",
				"cs_cooling_facilities_other" : null,
				"cs_heat_vulnerable" : " young children, older people, pregnant women ",
				"cs_heat_vulnerable_other" : null,
				"cs_indoor_site_id" : 84,
				"cs_max_seating" : 20,
				"cs_name" : "West Greenwich Library",
				"cs_opening_hours" : "Mon 14:00 - 19:00 Tue 09:00 - 17:30 Wed Closed Thu 14:00 - 19:00 Fri 14:00 - 17:30 Sat 09:00 - 17:00 Sun Closed",
				"cs_postcode" : null,
				"cs_toilets_available" : "Not available",
				"cs_wheelchair_access" : "Yes",
				"has_drinking_water" : "Yes",
				"has_seating" : "Yes",
				"indoor_cooling_temp" : "Indoor temperature of 26C or less",
				"is_free_of_charge" : "Yes",
				"is_staffed_when_open" : "Yes",
				"org_name" : "Greenwich Leisure Limited",
				"runtime" : 20250527,
				"Tier" : "Tier 2",
				"x" : 538184.609398956,
				"y" : 177336.87336444
			}
		},
		{
			"type" : "Feature",
			"geometry" : {
				"type" : "Point",
				"coordinates" : [ -0.010820031, 51.427529995 ]
			},
			"properties" : {
				"objectid" : 55,
				"Approve" : "Yes",
				"cs_address_one" : "355 Bromley Road",
				"cs_address_two" : null,
				"cs_borough" : "Lewisham",
				"cs_cooling_facilities" : "Natural cooling/ventilation",
				"cs_cooling_facilities_other" : null,
				"cs_heat_vulnerable" : " young children, older people, pregnant women ",
				"cs_heat_vulnerable_other" : null,
				"cs_indoor_site_id" : 88,
				"cs_max_seating" : 50,
				"cs_name" : "the Green Man Hub",
				"cs_opening_hours" : "9am-5pm, Monday to Friday",
				"cs_postcode" : null,
				"cs_toilets_available" : "Available on site",
				"cs_wheelchair_access" : "Yes",
				"has_drinking_water" : "Yes",
				"has_seating" : "Yes",
				"indoor_cooling_temp" : "Cannot guarantee 26C, but the space is always cooler than the outside temperature",
				"is_free_of_charge" : "Yes",
				"is_staffed_when_open" : "Yes",
				"org_name" : "Phoenix Community Housing",
				"runtime" : 20250527,
				"Tier" : "Tier 1",
				"x" : 538385.996076174,
				"y" : 171712.613615694
			}
		},
		{
			"type" : "Feature",
			"geometry" : {
				"type" : "Point",
				"coordinates" : [ -0.184049998, 51.489589983 ]
			},
			"properties" : {
				"objectid" : 56,
				"Approve" : "Yes",
				"cs_address_one" : "St Mary's Church",
				"cs_address_two" : null,
				"cs_borough" : "Kensington and Chelsea",
				"cs_cooling_facilities" : "Natural cooling/ventilation",
				"cs_cooling_facilities_other" : null,
				"cs_heat_vulnerable" : " young children, older people, pregnant women ",
				"cs_heat_vulnerable_other" : null,
				"cs_indoor_site_id" : 86,
				"cs_max_seating" : 220,
				"cs_name" : "St Mary The Boltons",
				"cs_opening_hours" : "8.30am - 5.30pm Monday - Friday; 9am - 12pm Saturday. Open for services 8am - 12noon on Sundays. Closed on bank holidays. ",
				"cs_postcode" : null,
				"cs_toilets_available" : "Available on site",
				"cs_wheelchair_access" : "Yes",
				"has_drinking_water" : "Yes",
				"has_seating" : "Yes",
				"indoor_cooling_temp" : "Cannot guarantee 26C, but the space is always cooler than the outside temperature",
				"is_free_of_charge" : "Yes",
				"is_staffed_when_open" : "Yes",
				"org_name" : "St Mary The Boltons",
				"runtime" : 20250527,
				"Tier" : "Tier 1",
				"x" : 526172.730756569,
				"y" : 178301.048088104
			}
		},
		{
			"type" : "Feature",
			"geometry" : {
				"type" : "Point",
				"coordinates" : [ -0.169904415, 51.649237305 ]
			},
			"properties" : {
				"objectid" : 57,
				"Approve" : "Yes",
				"cs_address_one" : "71 East Barnet Road",
				"cs_address_two" : null,
				"cs_borough" : "Barnet",
				"cs_cooling_facilities" : "Stand up fans,Ceiling fans",
				"cs_cooling_facilities_other" : null,
				"cs_heat_vulnerable" : " young children, older people, pregnant women ",
				"cs_heat_vulnerable_other" : null,
				"cs_indoor_site_id" : 89,
				"cs_max_seating" : 200,
				"cs_name" : "Jim's Community Cafe",
				"cs_opening_hours" : "Monday: 9:30 - 1pm Tuesday: 9:30 - 1pm Wednesday: 9am - 7pm Thursday: 9am - 1pm (From September/October) Friday: Closed Saturday: 9am - 12noon Sunday: 9:30 - 1pm",
				"cs_postcode" : null,
				"cs_toilets_available" : "Available on site",
				"cs_wheelchair_access" : "Yes",
				"has_drinking_water" : "Yes",
				"has_seating" : "Yes",
				"indoor_cooling_temp" : "Cannot guarantee 26C, but the space is always cooler than the outside temperature",
				"is_free_of_charge" : "Yes",
				"is_staffed_when_open" : "Yes",
				"org_name" : "St James Church ",
				"runtime" : 20250527,
				"Tier" : "Tier 2",
				"x" : 526710.337447653,
				"y" : 196078.875698626
			}
		},
		{
			"type" : "Feature",
			"geometry" : {
				"type" : "Point",
				"coordinates" : [ 0.01089, 51.56812 ]
			},
			"properties" : {
				"objectid" : 58,
				"Approve" : "Yes",
				"cs_address_one" : "Church Lane",
				"cs_address_two" : null,
				"cs_borough" : "Waltham Forest",
				"cs_cooling_facilities" : "Air conditioning",
				"cs_cooling_facilities_other" : null,
				"cs_heat_vulnerable" : " young children, older people, pregnant women ",
				"cs_heat_vulnerable_other" : null,
				"cs_indoor_site_id" : 91,
				"cs_max_seating" : 50,
				"cs_name" : "Leytonstone Library",
				"cs_opening_hours" : "9am - 7pm weekdays. 9am - 7pm Saturdays. 12pm - 4pm Sundays.",
				"cs_postcode" : null,
				"cs_toilets_available" : "Available on site",
				"cs_wheelchair_access" : "Yes",
				"has_drinking_water" : "Yes",
				"has_seating" : "Yes",
				"indoor_cooling_temp" : "Cannot guarantee 26C, but the space is always cooler than the outside temperature",
				"is_free_of_charge" : "Yes",
				"is_staffed_when_open" : "Yes",
				"org_name" : "Waltham Forest Council",
				"runtime" : 20250527,
				"Tier" : "Tier 1",
				"x" : 539465.590822567,
				"y" : 187387.352992758
			}
		},
		{
			"type" : "Feature",
			"geometry" : {
				"type" : "Point",
				"coordinates" : [ -0.00705, 51.55829 ]
			},
			"properties" : {
				"objectid" : 59,
				"Approve" : "Yes",
				"cs_address_one" : "High Road ",
				"cs_address_two" : null,
				"cs_borough" : "Waltham Forest",
				"cs_cooling_facilities" : "Air conditioning",
				"cs_cooling_facilities_other" : null,
				"cs_heat_vulnerable" : " young children, older people, pregnant women ",
				"cs_heat_vulnerable_other" : null,
				"cs_indoor_site_id" : 90,
				"cs_max_seating" : 50,
				"cs_name" : "Leyton Library",
				"cs_opening_hours" : "9am - 7pm on weekdays. 9am - 6pm on Saturdays. 12pm - 4pm on Sundays",
				"cs_postcode" : null,
				"cs_toilets_available" : "Available on site",
				"cs_wheelchair_access" : "Yes",
				"has_drinking_water" : "Yes",
				"has_seating" : "Yes",
				"indoor_cooling_temp" : "Cannot guarantee 26C, but the space is always cooler than the outside temperature",
				"is_free_of_charge" : "Yes",
				"is_staffed_when_open" : "Yes",
				"org_name" : "Waltham Forest Council",
				"runtime" : 20250527,
				"Tier" : "Tier 1",
				"x" : 538252.082281919,
				"y" : 186260.169316261
			}
		},
		{
			"type" : "Feature",
			"geometry" : {
				"type" : "Point",
				"coordinates" : [ -0.02142, 51.58454 ]
			},
			"properties" : {
				"objectid" : 60,
				"Approve" : "Yes",
				"cs_address_one" : "High Street ",
				"cs_address_two" : null,
				"cs_borough" : "Waltham Forest",
				"cs_cooling_facilities" : "Air conditioning",
				"cs_cooling_facilities_other" : null,
				"cs_heat_vulnerable" : " young children, older people, pregnant women ",
				"cs_heat_vulnerable_other" : null,
				"cs_indoor_site_id" : 92,
				"cs_max_seating" : 25,
				"cs_name" : "Walthamstow Library",
				"cs_opening_hours" : "9am - 7pm weekdays. 9am - 6pm Saturdays. 10am - 4pm Sundays.",
				"cs_postcode" : null,
				"cs_toilets_available" : "Available on site",
				"cs_wheelchair_access" : "Yes",
				"has_drinking_water" : "Yes",
				"has_seating" : "Yes",
				"indoor_cooling_temp" : "Cannot guarantee 26C, but the space is always cooler than the outside temperature",
				"is_free_of_charge" : "Yes",
				"is_staffed_when_open" : "Yes",
				"org_name" : "Waltham Forest Council",
				"runtime" : 20250527,
				"Tier" : "Tier 1",
				"x" : 537177.057016489,
				"y" : 189152.208429737
			}
		},
		{
			"type" : "Feature",
			"geometry" : {
				"type" : "Point",
				"coordinates" : [ -0.352830012, 51.608019989 ]
			},
			"properties" : {
				"objectid" : 61,
				"Approve" : "Yes",
				"cs_address_one" : "Chicheley Road",
				"cs_address_two" : null,
				"cs_borough" : "Harrow",
				"cs_cooling_facilities" : "Air conditioning,Stand up fans",
				"cs_cooling_facilities_other" : null,
				"cs_heat_vulnerable" : " young children, older people, pregnant women ",
				"cs_heat_vulnerable_other" : null,
				"cs_indoor_site_id" : 93,
				"cs_max_seating" : 50,
				"cs_name" : "Cedars Youth & Community Centre",
				"cs_opening_hours" : "9am - 9pm Monday - Friday and 9am - 5pm Saturdays",
				"cs_postcode" : null,
				"cs_toilets_available" : "Available on site",
				"cs_wheelchair_access" : "Yes",
				"has_drinking_water" : "Yes",
				"has_seating" : "Yes",
				"indoor_cooling_temp" : "Indoor temperature of 26C or less",
				"is_free_of_charge" : "Yes",
				"is_staffed_when_open" : "Yes",
				"org_name" : "Watford FC Community Sports & Education Trust",
				"runtime" : 20250527,
				"Tier" : "Tier 1",
				"x" : 514158.989060374,
				"y" : 191193.972229824
			}
		},
		{
			"type" : "Feature",
			"geometry" : {
				"type" : "Point",
				"coordinates" : [ 0.10416, 51.45042 ]
			},
			"properties" : {
				"objectid" : 62,
				"Approve" : "Yes",
				"cs_address_one" : "7-9 Blackfen Road",
				"cs_address_two" : null,
				"cs_borough" : "Bexley",
				"cs_cooling_facilities" : "Air conditioning",
				"cs_cooling_facilities_other" : null,
				"cs_heat_vulnerable" : " young children, older people, pregnant women ",
				"cs_heat_vulnerable_other" : null,
				"cs_indoor_site_id" : 96,
				"cs_max_seating" : 100,
				"cs_name" : "Blackfen Community Library",
				"cs_opening_hours" : "Tue-Fri 930am-5pm Sat 930am-3pm",
				"cs_postcode" : null,
				"cs_toilets_available" : "Available on site",
				"cs_wheelchair_access" : "Yes",
				"has_drinking_water" : "Yes",
				"has_seating" : "Yes",
				"indoor_cooling_temp" : "Indoor temperature of 26C or less",
				"is_free_of_charge" : "Yes",
				"is_staffed_when_open" : "Yes",
				"org_name" : "Blackfen Community Library",
				"runtime" : 20250527,
				"Tier" : "Tier 1",
				"x" : 546305.671370544,
				"y" : 174481.175426338
			}
		},
		{
			"type" : "Feature",
			"geometry" : {
				"type" : "Point",
				"coordinates" : [ -0.202399995, 51.645929996 ]
			},
			"properties" : {
				"objectid" : 63,
				"Approve" : "Yes",
				"cs_address_one" : "185 Mays Lane",
				"cs_address_two" : null,
				"cs_borough" : "Barnet",
				"cs_cooling_facilities" : "Stand up fans",
				"cs_cooling_facilities_other" : null,
				"cs_heat_vulnerable" : " young children, older people, pregnant women ",
				"cs_heat_vulnerable_other" : null,
				"cs_indoor_site_id" : 99,
				"cs_max_seating" : 75,
				"cs_name" : "Hope Corner Community Centre",
				"cs_opening_hours" : "9.30am - 2.00pm weekdays",
				"cs_postcode" : null,
				"cs_toilets_available" : "Available on site",
				"cs_wheelchair_access" : "Yes",
				"has_drinking_water" : "Yes",
				"has_seating" : "Yes",
				"indoor_cooling_temp" : "Cannot guarantee 26C, but the space is always cooler than the outside temperature",
				"is_free_of_charge" : "Yes",
				"is_staffed_when_open" : "Yes",
				"org_name" : "Barnet Churches Action",
				"runtime" : 20250527,
				"Tier" : "Tier 1",
				"x" : 524471.377511327,
				"y" : 195655.252448669
			}
		},
		{
			"type" : "Feature",
			"geometry" : {
				"type" : "Point",
				"coordinates" : [ -0.0814585943, 51.55087775 ]
			},
			"properties" : {
				"objectid" : 64,
				"Approve" : "Yes",
				"cs_address_one" : "Woodville Road",
				"cs_address_two" : null,
				"cs_borough" : "Islington",
				"cs_cooling_facilities" : "Natural cooling/ventilation",
				"cs_cooling_facilities_other" : null,
				"cs_heat_vulnerable" : " young children, older people, pregnant women ",
				"cs_heat_vulnerable_other" : null,
				"cs_indoor_site_id" : 31,
				"cs_max_seating" : 20,
				"cs_name" : "Mildmay Community Centre ",
				"cs_opening_hours" : "Monday, 09:30 to 15:00 and 17:00 to 19:30; Tuesday, 09:30 to 20:30; Wednesday, 09:30 to 15:00; Thursday, 09:30 to 15:00; Friday, 15:00 to 20:30. ",
				"cs_postcode" : "N16 8NA",
				"cs_toilets_available" : "Available on site",
				"cs_wheelchair_access" : "Yes",
				"has_drinking_water" : "Yes",
				"has_seating" : "Yes",
				"indoor_cooling_temp" : "Cannot guarantee 26C, but the space is always cooler than the outside temperature",
				"is_free_of_charge" : "Yes",
				"is_staffed_when_open" : "Yes",
				"org_name" : "MILDMAY COMMUNITY PARTNERSHIP",
				"runtime" : 20250527,
				"Tier" : "Tier 1",
				"x" : 533116,
				"y" : 185298
			}
		},
		{
			"type" : "Feature",
			"geometry" : {
				"type" : "Point",
				"coordinates" : [ -0.0919084043, 51.5017686472 ]
			},
			"properties" : {
				"objectid" : 65,
				"Approve" : "Yes",
				"cs_address_one" : "211 Borough High St",
				"cs_address_two" : null,
				"cs_borough" : "Southwark",
				"cs_cooling_facilities" : "Air conditioning",
				"cs_cooling_facilities_other" : null,
				"cs_heat_vulnerable" : " young children, older people, pregnant women ",
				"cs_heat_vulnerable_other" : null,
				"cs_indoor_site_id" : 100,
				"cs_max_seating" : 200,
				"cs_name" : "John Harvard Library",
				"cs_opening_hours" : "9am - 7pm Monday - Friday; Saturday 9am - 5pm",
				"cs_postcode" : "SE1 1JA",
				"cs_toilets_available" : "Available on site",
				"cs_wheelchair_access" : "Yes",
				"has_drinking_water" : "Yes",
				"has_seating" : "Yes",
				"indoor_cooling_temp" : "Indoor temperature of 26C or less",
				"is_free_of_charge" : "Yes",
				"is_staffed_when_open" : "Yes",
				"org_name" : "Southwark Council",
				"runtime" : 20250527,
				"Tier" : "Tier 1",
				"x" : 532534,
				"y" : 179818
			}
		},
		{
			"type" : "Feature",
			"geometry" : {
				"type" : "Point",
				"coordinates" : [ -0.0491537843, 51.497809576 ]
			},
			"properties" : {
				"objectid" : 66,
				"Approve" : "Yes",
				"cs_address_one" : "21 Surrey Quays Road",
				"cs_address_two" : null,
				"cs_borough" : "Southwark",
				"cs_cooling_facilities" : "Air conditioning",
				"cs_cooling_facilities_other" : null,
				"cs_heat_vulnerable" : " young children, older people, pregnant women ",
				"cs_heat_vulnerable_other" : null,
				"cs_indoor_site_id" : 101,
				"cs_max_seating" : 645,
				"cs_name" : "Canada Water Library",
				"cs_opening_hours" : "8am - 8pm, Monday - Friday; Saturday 9am - 5pm; Sunday 12-4pm",
				"cs_postcode" : "SE16 7AR",
				"cs_toilets_available" : "Available on site",
				"cs_wheelchair_access" : "Yes",
				"has_drinking_water" : "Yes",
				"has_seating" : "Yes",
				"indoor_cooling_temp" : "Indoor temperature of 26C or less",
				"is_free_of_charge" : "Yes",
				"is_staffed_when_open" : "Yes",
				"org_name" : "Southwark Council",
				"runtime" : 20250527,
				"Tier" : "Tier 1",
				"x" : 535513,
				"y" : 179456
			}
		},
		{
			"type" : "Feature",
			"geometry" : {
				"type" : "Point",
				"coordinates" : [ -0.0980506534, 51.4925222155 ]
			},
			"properties" : {
				"objectid" : 67,
				"Approve" : "Yes",
				"cs_address_one" : "145-147 Walworth Rd",
				"cs_address_two" : null,
				"cs_borough" : "Southwark",
				"cs_cooling_facilities" : "Air conditioning",
				"cs_cooling_facilities_other" : null,
				"cs_heat_vulnerable" : " young children, older people, pregnant women ",
				"cs_heat_vulnerable_other" : null,
				"cs_indoor_site_id" : 102,
				"cs_max_seating" : 150,
				"cs_name" : "Southwark Heritage Centre & Walworth Library",
				"cs_opening_hours" : "10am - 8pm Monday - Friday; Saturday 10am - 5pm; Sunday 12pm - 4pm",
				"cs_postcode" : "SE17 1RW",
				"cs_toilets_available" : "Available on site",
				"cs_wheelchair_access" : "Yes",
				"has_drinking_water" : "Yes",
				"has_seating" : "Yes",
				"indoor_cooling_temp" : "Indoor temperature of 26C or less",
				"is_free_of_charge" : "Yes",
				"is_staffed_when_open" : "Yes",
				"org_name" : "Southwark Council",
				"runtime" : 20250527,
				"Tier" : "Tier 1",
				"x" : 532134.44,
				"y" : 178778.7
			}
		},
		{
			"type" : "Feature",
			"geometry" : {
				"type" : "Point",
				"coordinates" : [ -0.0639435293, 51.4925332198 ]
			},
			"properties" : {
				"objectid" : 68,
				"Approve" : "Yes",
				"cs_address_one" : "Market Place",
				"cs_address_two" : "Southwark Park Road",
				"cs_borough" : "Southwark",
				"cs_cooling_facilities" : "Air conditioning",
				"cs_cooling_facilities_other" : null,
				"cs_heat_vulnerable" : " young children, older people, pregnant women ",
				"cs_heat_vulnerable_other" : null,
				"cs_indoor_site_id" : 103,
				"cs_max_seating" : 100,
				"cs_name" : "Blue Anchor Library",
				"cs_opening_hours" : "9am-7pm Monday, Tuesday, Thursday; 10am - 6pm Friday; 9am - 5pm Saturday",
				"cs_postcode" : "SE16 3UQ",
				"cs_toilets_available" : "Available on site",
				"cs_wheelchair_access" : "Yes",
				"has_drinking_water" : "Yes",
				"has_seating" : "Yes",
				"indoor_cooling_temp" : "Indoor temperature of 26C or less",
				"is_free_of_charge" : "Yes",
				"is_staffed_when_open" : "Yes",
				"org_name" : "Southwark Council",
				"runtime" : 20250527,
				"Tier" : "Tier 1",
				"x" : 534502,
				"y" : 178842
			}
		},
		{
			"type" : "Feature",
			"geometry" : {
				"type" : "Point",
				"coordinates" : [ -0.0693490118, 51.4743849085 ]
			},
			"properties" : {
				"objectid" : 69,
				"Approve" : "Yes",
				"cs_address_one" : "122 Peckham Hill St",
				"cs_address_two" : null,
				"cs_borough" : "Southwark",
				"cs_cooling_facilities" : "Air conditioning",
				"cs_cooling_facilities_other" : null,
				"cs_heat_vulnerable" : " young children, older people, pregnant women ",
				"cs_heat_vulnerable_other" : null,
				"cs_indoor_site_id" : 104,
				"cs_max_seating" : 600,
				"cs_name" : "Peckham Library",
				"cs_opening_hours" : "9am - 8pm, Monday - Friday (excl. Weds); Wednesday 10am - 8pm;  Saturday 10am - 5pm; Sunday 12pm - 4pm\"",
				"cs_postcode" : "SE15 5JR",
				"cs_toilets_available" : "Available on site",
				"cs_wheelchair_access" : "Yes",
				"has_drinking_water" : "Yes",
				"has_seating" : "Yes",
				"indoor_cooling_temp" : "Indoor temperature of 26C or less",
				"is_free_of_charge" : "Yes",
				"is_staffed_when_open" : "Yes",
				"org_name" : "Southwark Council",
				"runtime" : 20250527,
				"Tier" : "Tier 1",
				"x" : 534180,
				"y" : 176814
			}
		},
		{
			"type" : "Feature",
			"geometry" : {
				"type" : "Point",
				"coordinates" : [ -0.0596913575, 51.4657900598 ]
			},
			"properties" : {
				"objectid" : 70,
				"Approve" : "Yes",
				"cs_address_one" : "Gordon Road",
				"cs_address_two" : null,
				"cs_borough" : "Southwark",
				"cs_cooling_facilities" : "Air conditioning",
				"cs_cooling_facilities_other" : null,
				"cs_heat_vulnerable" : " young children, older people, pregnant women ",
				"cs_heat_vulnerable_other" : null,
				"cs_indoor_site_id" : 105,
				"cs_max_seating" : 60,
				"cs_name" : "Nunhead Library",
				"cs_opening_hours" : "2pm - 7pm Monday, Tuesday, Thursday; 10am - 3pm Wednesday and Friday; Saturday 10am - 5pm",
				"cs_postcode" : "SE15 3RW",
				"cs_toilets_available" : "Available on site",
				"cs_wheelchair_access" : "Yes",
				"has_drinking_water" : "Yes",
				"has_seating" : "Yes",
				"indoor_cooling_temp" : "Indoor temperature of 26C or less",
				"is_free_of_charge" : "Yes",
				"is_staffed_when_open" : "Yes",
				"org_name" : "Southwark Council",
				"runtime" : 20250527,
				"Tier" : "Tier 2",
				"x" : 534876,
				"y" : 175876
			}
		},
		{
			"type" : "Feature",
			"geometry" : {
				"type" : "Point",
				"coordinates" : [ -0.0806768124, 51.4298853843 ]
			},
			"properties" : {
				"objectid" : 71,
				"Approve" : "Yes",
				"cs_address_one" : "37-38 Seeley Drive",
				"cs_address_two" : null,
				"cs_borough" : "Southwark",
				"cs_cooling_facilities" : "Air conditioning",
				"cs_cooling_facilities_other" : null,
				"cs_heat_vulnerable" : " young children, older people, pregnant women ",
				"cs_heat_vulnerable_other" : null,
				"cs_indoor_site_id" : 106,
				"cs_max_seating" : 30,
				"cs_name" : "Kingswood Library",
				"cs_opening_hours" : "2pm - 6pm Monday & Thursday; 10am - 2pm Tuesday & Friday; Saturday 1pm - 5pm",
				"cs_postcode" : "SE21 8QR",
				"cs_toilets_available" : "Available on site",
				"cs_wheelchair_access" : "Yes",
				"has_drinking_water" : "Yes",
				"has_seating" : "Yes",
				"indoor_cooling_temp" : "Indoor temperature of 26C or less",
				"is_free_of_charge" : "Yes",
				"is_staffed_when_open" : "Yes",
				"org_name" : "Southwark Council",
				"runtime" : 20250527,
				"Tier" : "Tier 2",
				"x" : 533523,
				"y" : 171845
			}
		},
		{
			"type" : "Feature",
			"geometry" : {
				"type" : "Point",
				"coordinates" : [ -0.0862144395, 51.4878358065 ]
			},
			"properties" : {
				"objectid" : 72,
				"Approve" : "Yes",
				"cs_address_one" : "62 Thurlow Street",
				"cs_address_two" : null,
				"cs_borough" : "Southwark",
				"cs_cooling_facilities" : "Air conditioning",
				"cs_cooling_facilities_other" : null,
				"cs_heat_vulnerable" : " young children, older people, pregnant women ",
				"cs_heat_vulnerable_other" : null,
				"cs_indoor_site_id" : 108,
				"cs_max_seating" : 150,
				"cs_name" : "Una Marson Library",
				"cs_opening_hours" : "10am - 6pm, Monday - Friday (excl. Weds); Wednesday 10am - 3pm; Saturday 10am - 5pm",
				"cs_postcode" : "SE17 2GN",
				"cs_toilets_available" : "Available on site",
				"cs_wheelchair_access" : "Yes",
				"has_drinking_water" : "Yes",
				"has_seating" : "Yes",
				"indoor_cooling_temp" : "Indoor temperature of 26C or less",
				"is_free_of_charge" : "Yes",
				"is_staffed_when_open" : "Yes",
				"org_name" : "Southwark Council",
				"runtime" : 20250527,
				"Tier" : "Tier 2",
				"x" : 532969.69,
				"y" : 178278.98
			}
		},
		{
			"type" : "Feature",
			"geometry" : {
				"type" : "Point",
				"coordinates" : [ -0.0715544582, 51.4603294044 ]
			},
			"properties" : {
				"objectid" : 73,
				"Approve" : "Yes",
				"cs_address_one" : "2B Crystal Palace Road",
				"cs_address_two" : null,
				"cs_borough" : "Southwark",
				"cs_cooling_facilities" : "Air conditioning",
				"cs_cooling_facilities_other" : null,
				"cs_heat_vulnerable" : " young children, older people, pregnant women ",
				"cs_heat_vulnerable_other" : null,
				"cs_indoor_site_id" : 109,
				"cs_max_seating" : 25,
				"cs_name" : "Dulwich Leisure Centre",
				"cs_opening_hours" : " Mon – Fri  6.30 -22.00 Sat - 7.00 – 18.00 Sun – 7.00 – 22.00",
				"cs_postcode" : "SE22 9HB",
				"cs_toilets_available" : "Available on site",
				"cs_wheelchair_access" : "Yes",
				"has_drinking_water" : "Yes",
				"has_seating" : "Yes",
				"indoor_cooling_temp" : "Indoor temperature of 26C or less",
				"is_free_of_charge" : "Yes",
				"is_staffed_when_open" : "Yes",
				"org_name" : "Southwark Council",
				"runtime" : 20250527,
				"Tier" : "Tier 1",
				"x" : 534068,
				"y" : 175247
			}
		},
		{
			"type" : "Feature",
			"geometry" : {
				"type" : "Point",
				"coordinates" : [ -0.09247, 51.52005 ]
			},
			"properties" : {
				"objectid" : 74,
				"Approve" : "Yes",
				"cs_address_one" : "Silk Street",
				"cs_address_two" : null,
				"cs_borough" : "City of London",
				"cs_cooling_facilities" : "Air conditioning",
				"cs_cooling_facilities_other" : null,
				"cs_heat_vulnerable" : "young children,older people,pregnant women",
				"cs_heat_vulnerable_other" : null,
				"cs_indoor_site_id" : 115,
				"cs_max_seating" : 50,
				"cs_name" : "Barbican Library",
				"cs_opening_hours" : "Mon/Wed/Fri 9.30-5.30, Tues/Thurs 9.30-7.30, Sat 9.30-4",
				"cs_postcode" : "EC2Y 8DS",
				"cs_toilets_available" : "Available on site",
				"cs_wheelchair_access" : "Yes",
				"has_drinking_water" : "Yes",
				"has_seating" : "Yes",
				"indoor_cooling_temp" : "Indoor temperature of 26C or less",
				"is_free_of_charge" : "Yes",
				"is_staffed_when_open" : "Yes",
				"org_name" : "Barbican & Community Libraries",
				"runtime" : 20250527,
				"Tier" : "Tier 1",
				"x" : 532442.013628766,
				"y" : 181849.880545924
			}
		},
		{
			"type" : "Feature",
			"geometry" : {
				"type" : "Point",
				"coordinates" : [ -0.076640016, 51.515439982 ]
			},
			"properties" : {
				"objectid" : 76,
				"Approve" : "Yes",
				"cs_address_one" : "1 Artizan Street",
				"cs_address_two" : null,
				"cs_borough" : "City of London",
				"cs_cooling_facilities" : "Air conditioning",
				"cs_cooling_facilities_other" : null,
				"cs_heat_vulnerable" : "young children,older people,pregnant women",
				"cs_heat_vulnerable_other" : null,
				"cs_indoor_site_id" : 117,
				"cs_max_seating" : 10,
				"cs_name" : "Artizan Street Library & Community Centre",
				"cs_opening_hours" : "Mon 8-7, Tue-Fri 8-5.30",
				"cs_postcode" : "E1 7AF",
				"cs_toilets_available" : "Available on site",
				"cs_wheelchair_access" : "Yes",
				"has_drinking_water" : "Yes",
				"has_seating" : "Yes",
				"indoor_cooling_temp" : "Indoor temperature of 26C or less",
				"is_free_of_charge" : "Yes",
				"is_staffed_when_open" : "Yes",
				"org_name" : "Barbican & Community Libraries",
				"runtime" : 20250527,
				"Tier" : "Tier 1",
				"x" : 533553.686755219,
				"y" : 181366.011453764
			}
		},
		{
			"type" : "Feature",
			"geometry" : {
				"type" : "Point",
				"coordinates" : [ -0.0801361742, 51.4613290606 ]
			},
			"properties" : {
				"objectid" : 77,
				"Approve" : "Yes",
				"cs_address_one" : "18-22 Grove Vale",
				"cs_address_two" : null,
				"cs_borough" : "Southwark",
				"cs_cooling_facilities" : "Air conditioning",
				"cs_cooling_facilities_other" : null,
				"cs_heat_vulnerable" : " young children, older people, pregnant women ",
				"cs_heat_vulnerable_other" : null,
				"cs_indoor_site_id" : 107,
				"cs_max_seating" : 30,
				"cs_name" : "Grove Vale Library",
				"cs_opening_hours" : "10am - 7pm, Monday - Thursday (excl. Weds); Friday 10am - 3pm; Saturday 10am - 5pm",
				"cs_postcode" : "SE22 8EF",
				"cs_toilets_available" : "Available on site",
				"cs_wheelchair_access" : "Yes",
				"has_drinking_water" : "Yes",
				"has_seating" : "Yes",
				"indoor_cooling_temp" : "Indoor temperature of 26C or less",
				"is_free_of_charge" : "Yes",
				"is_staffed_when_open" : "Yes",
				"org_name" : "Southwark Council",
				"runtime" : 20250527,
				"Tier" : "Tier 2",
				"x" : 533468.946,
				"y" : 175342.491299999
			}
		},
		{
			"type" : "Feature",
			"geometry" : {
				"type" : "Point",
				"coordinates" : [ -0.06516, 51.5628 ]
			},
			"properties" : {
				"objectid" : 78,
				"Approve" : "Yes",
				"cs_address_one" : "Northwold Road",
				"cs_address_two" : null,
				"cs_borough" : "Hackney",
				"cs_cooling_facilities" : "Air conditioning",
				"cs_cooling_facilities_other" : null,
				"cs_heat_vulnerable" : "Young children,Older people,Pregnant women",
				"cs_heat_vulnerable_other" : null,
				"cs_indoor_site_id" : 119,
				"cs_max_seating" : 50,
				"cs_name" : "Clapton Library",
				"cs_opening_hours" : "Mon, Tues and Thurs 10am to 8pm Wed 1pm to 6pm Fri 10am to 6pm Sat 10am to 5pm Closed on public holidays",
				"cs_postcode" : "E5 8RA",
				"cs_toilets_available" : "available on site",
				"cs_wheelchair_access" : "yes",
				"has_drinking_water" : "Yes",
				"has_seating" : "Yes",
				"indoor_cooling_temp" : "26c_or_less",
				"is_free_of_charge" : "Yes",
				"is_staffed_when_open" : "Yes",
				"org_name" : "London Borough of Hackney",
				"runtime" : 20250527,
				"Tier" : "Tier 1",
				"x" : 534210.918902881,
				"y" : 186653.577593756
			}
		},
		{
			"type" : "Feature",
			"geometry" : {
				"type" : "Point",
				"coordinates" : [ -0.04164, 51.54868 ]
			},
			"properties" : {
				"objectid" : 79,
				"Approve" : "Yes",
				"cs_address_one" : "Homerton High Street",
				"cs_address_two" : null,
				"cs_borough" : "Hackney",
				"cs_cooling_facilities" : "Air conditioning",
				"cs_cooling_facilities_other" : null,
				"cs_heat_vulnerable" : "Young children,Older people,Pregnant women",
				"cs_heat_vulnerable_other" : null,
				"cs_indoor_site_id" : 120,
				"cs_max_seating" : 50,
				"cs_name" : "Homerton Library",
				"cs_opening_hours" : "Mon, Tues and Thurs 10am to 8pm Wed 1pm to 6pm Fri 10am to 6pm Sat 10am to 5pm Closed on public holidays",
				"cs_postcode" : "E9 6AS",
				"cs_toilets_available" : "available on site",
				"cs_wheelchair_access" : "yes",
				"has_drinking_water" : "Yes",
				"has_seating" : "Yes",
				"indoor_cooling_temp" : "26c_or_less",
				"is_free_of_charge" : "Yes",
				"is_staffed_when_open" : "Yes",
				"org_name" : "London Borough of Hackney",
				"runtime" : 20250527,
				"Tier" : "Tier 1",
				"x" : 535883.052148474,
				"y" : 185126.801738093
			}
		},
		{
			"type" : "Feature",
			"geometry" : {
				"type" : "Point",
				"coordinates" : [ -0.07277, 51.57058 ]
			},
			"properties" : {
				"objectid" : 80,
				"Approve" : "Yes",
				"cs_address_one" : "Portland Avenue",
				"cs_address_two" : null,
				"cs_borough" : "Hackney",
				"cs_cooling_facilities" : "Stand up fans",
				"cs_cooling_facilities_other" : null,
				"cs_heat_vulnerable" : "Young children,Older people,Pregnant women",
				"cs_heat_vulnerable_other" : null,
				"cs_indoor_site_id" : 121,
				"cs_max_seating" : 50,
				"cs_name" : "Stamford Hill Library",
				"cs_opening_hours" : "Mon to Thurs 9am to 8pm Fri 9am to 6pm Sat 9am to 5pm Sun 1pm to 5pm Closed on public holidays",
				"cs_postcode" : "N16 6SB",
				"cs_toilets_available" : "available on site",
				"cs_wheelchair_access" : "yes",
				"has_drinking_water" : "Yes",
				"has_seating" : "Yes",
				"indoor_cooling_temp" : "cannot_guarantee_26c",
				"is_free_of_charge" : "Yes",
				"is_staffed_when_open" : "Yes",
				"org_name" : "London Borough of Hackney",
				"runtime" : 20250527,
				"Tier" : "Tier 1",
				"x" : 533660.69043841,
				"y" : 187504.784684671
			}
		},
		{
			"type" : "Feature",
			"geometry" : {
				"type" : "Point",
				"coordinates" : [ -0.0738235169, 51.5457239849 ]
			},
			"properties" : {
				"objectid" : 81,
				"Approve" : "Yes",
				"cs_address_one" : "Collins Tower",
				"cs_address_two" : "Dalston Square",
				"cs_borough" : "Hackney",
				"cs_cooling_facilities" : "Natural cooling/ventilation",
				"cs_cooling_facilities_other" : null,
				"cs_heat_vulnerable" : "Young children,Older people,Pregnant women",
				"cs_heat_vulnerable_other" : null,
				"cs_indoor_site_id" : 123,
				"cs_max_seating" : 80,
				"cs_name" : "Dalston CLR James Library",
				"cs_opening_hours" : "Mon to Thurs 9am to 8pm Fri 9am to 6pm Sat 9am to 5pm Sun 1pm to 5pm Closed on public holidays",
				"cs_postcode" : "E8 3BQ",
				"cs_toilets_available" : "available on site",
				"cs_wheelchair_access" : "yes",
				"has_drinking_water" : "Yes",
				"has_seating" : "Yes",
				"indoor_cooling_temp" : "cannot_guarantee_26c",
				"is_free_of_charge" : "Yes",
				"is_staffed_when_open" : "Yes",
				"org_name" : "London Borough of Hackney",
				"runtime" : 20250527,
				"Tier" : "Tier 1",
				"x" : 533660.41,
				"y" : 184738.82
			}
		},
		{
			"type" : "Feature",
			"geometry" : {
				"type" : "Point",
				"coordinates" : [ -0.0560704994, 51.5444792387 ]
			},
			"properties" : {
				"objectid" : 82,
				"Approve" : "Yes",
				"cs_address_one" : "1 Reading Lane",
				"cs_address_two" : null,
				"cs_borough" : "Hackney",
				"cs_cooling_facilities" : "Air conditioning",
				"cs_cooling_facilities_other" : null,
				"cs_heat_vulnerable" : "Young children,Older people,Pregnant women",
				"cs_heat_vulnerable_other" : null,
				"cs_indoor_site_id" : 124,
				"cs_max_seating" : 80,
				"cs_name" : "Hackney Central Library",
				"cs_opening_hours" : "Mon to Thurs 9am to 8pm Fri 9am to 6pm Sat 9am to 5pm Closed on public holidays",
				"cs_postcode" : "E8 1GQ",
				"cs_toilets_available" : "available on site",
				"cs_wheelchair_access" : "yes",
				"has_drinking_water" : "Yes",
				"has_seating" : "Yes",
				"indoor_cooling_temp" : "26c_or_less",
				"is_free_of_charge" : "Yes",
				"is_staffed_when_open" : "Yes",
				"org_name" : "London Borough of Hackney",
				"runtime" : 20250527,
				"Tier" : "Tier 1",
				"x" : 534895,
				"y" : 184633
			}
		},
		{
			"type" : "Feature",
			"geometry" : {
				"type" : "Point",
				"coordinates" : [ -0.1990272625, 51.4903150984 ]
			},
			"properties" : {
				"objectid" : 84,
				"Approve" : "Yes",
				"cs_address_one" : "51 Philbeach gardens",
				"cs_address_two" : null,
				"cs_borough" : "Kensington and Chelsea",
				"cs_cooling_facilities" : "Stand up fans,Natural cooling/ventilation",
				"cs_cooling_facilities_other" : null,
				"cs_heat_vulnerable" : "Older people,Other",
				"cs_heat_vulnerable_other" : null,
				"cs_indoor_site_id" : 127,
				"cs_max_seating" : 80,
				"cs_name" : "Refettorio Felix at St Cuthbert's",
				"cs_opening_hours" : "Monday - Friday 12.00pm - 2.00pm",
				"cs_postcode" : "SW5 9EB",
				"cs_toilets_available" : "available on site",
				"cs_wheelchair_access" : "no",
				"has_drinking_water" : "Yes",
				"has_seating" : "Yes",
				"indoor_cooling_temp" : "26c_or_less",
				"is_free_of_charge" : "Yes",
				"is_staffed_when_open" : "Yes",
				"org_name" : "Refettorio Felix",
				"runtime" : 20250527,
				"Tier" : "Tier 2",
				"x" : 525131,
				"y" : 178356
			}
		},
		{
			"type" : "Feature",
			"geometry" : {
				"type" : "Point",
				"coordinates" : [ -0.1009348572, 51.5081921058 ]
			},
			"properties" : {
				"objectid" : 85,
				"Approve" : "Yes",
				"cs_address_one" : "60-62 Hopton Street",
				"cs_address_two" : null,
				"cs_borough" : "Southwark",
				"cs_cooling_facilities" : "Stand up fans,Natural cooling/ventilation",
				"cs_cooling_facilities_other" : null,
				"cs_heat_vulnerable" : "Young children,Older people,Pregnant women",
				"cs_heat_vulnerable_other" : null,
				"cs_indoor_site_id" : 128,
				"cs_max_seating" : 55,
				"cs_name" : "The London LGBTQ+ Community Centre",
				"cs_opening_hours" : "Wed - 09:30 - 18:00 Thu-Sun - 11:00am - 20:00",
				"cs_postcode" : "SE1 9JH",
				"cs_toilets_available" : "available on site",
				"cs_wheelchair_access" : "yes",
				"has_drinking_water" : "Yes",
				"has_seating" : "Yes",
				"indoor_cooling_temp" : "cannot_guarantee_26c",
				"is_free_of_charge" : "Yes",
				"is_staffed_when_open" : "Yes",
				"org_name" : "The London LGBTQ+ Community Centre",
				"runtime" : 20250527,
				"Tier" : "Tier 2",
				"x" : 531889,
				"y" : 180516
			}
		},
		{
			"type" : "Feature",
			"geometry" : {
				"type" : "Point",
				"coordinates" : [ -0.1096392846, 51.5955249874 ]
			},
			"properties" : {
				"objectid" : 86,
				"Approve" : "Yes",
				"cs_address_one" : "187-197A High Road Wood Green",
				"cs_address_two" : null,
				"cs_borough" : "Haringey",
				"cs_cooling_facilities" : "Air conditioning,Natural cooling/ventilation",
				"cs_cooling_facilities_other" : null,
				"cs_heat_vulnerable" : null,
				"cs_heat_vulnerable_other" : null,
				"cs_indoor_site_id" : 129,
				"cs_max_seating" : 50,
				"cs_name" : "Wood Green library",
				"cs_opening_hours" : "Mon,Tues,Thurs,Fri 9am-7pm Weds 10am-7pm Sat 9am-5pm Sun 12pm-4pm",
				"cs_postcode" : "N22 6XD",
				"cs_toilets_available" : "available on site",
				"cs_wheelchair_access" : "yes",
				"has_drinking_water" : "Yes",
				"has_seating" : "Yes",
				"indoor_cooling_temp" : "26c_or_less",
				"is_free_of_charge" : "Yes",
				"is_staffed_when_open" : "Yes",
				"org_name" : "Haringey Council",
				"runtime" : 20250527,
				"Tier" : "Tier 1",
				"x" : 531034,
				"y" : 190212
			}
		},
		{
			"type" : "Feature",
			"geometry" : {
				"type" : "Point",
				"coordinates" : [ 0.0158762923, 51.4058991335 ]
			},
			"properties" : {
				"objectid" : 87,
				"Approve" : "Yes",
				"cs_address_one" : "20 Widmore Road",
				"cs_address_two" : "Bromley",
				"cs_borough" : "Bromley",
				"cs_cooling_facilities" : "Natural cooling/ventilation",
				"cs_cooling_facilities_other" : null,
				"cs_heat_vulnerable" : "Older people,Other",
				"cs_heat_vulnerable_other" : null,
				"cs_indoor_site_id" : 139,
				"cs_max_seating" : 25,
				"cs_name" : "Bromley United Reformed Church",
				"cs_opening_hours" : "Mon - Fri 09.00 - 16.30 Saturday depends on room bookings - potentially 09.00 - 16.30 also Sunday - during/alongside worship service 09.30 - 12.30",
				"cs_postcode" : "BR1 1RY",
				"cs_toilets_available" : "available on site",
				"cs_wheelchair_access" : "yes",
				"has_drinking_water" : "Yes",
				"has_seating" : "Yes",
				"indoor_cooling_temp" : "cannot_guarantee_26c",
				"is_free_of_charge" : "Yes",
				"is_staffed_when_open" : "Yes",
				"org_name" : "Bromley United Reformed Church",
				"runtime" : 20250527,
				"Tier" : "Tier 2",
				"x" : 540308,
				"y" : 169358
			}
		},
		{
			"type" : "Feature",
			"geometry" : {
				"type" : "Point",
				"coordinates" : [ -0.20104637, 51.4876932509 ]
			},
			"properties" : {
				"objectid" : 88,
				"Approve" : "Yes",
				"cs_address_one" : "1a Aisgill Avenue",
				"cs_address_two" : null,
				"cs_borough" : "Hammersmith and Fulham",
				"cs_cooling_facilities" : "Air conditioning",
				"cs_cooling_facilities_other" : null,
				"cs_heat_vulnerable" : "Young children,Older people,Pregnant women",
				"cs_heat_vulnerable_other" : null,
				"cs_indoor_site_id" : 140,
				"cs_max_seating" : 50,
				"cs_name" : "Earls Court Community Hub",
				"cs_opening_hours" : "Monday : 9:00 - 15:00 Tuesday: 10:00 - 19:30 Wednesday: 10:00 - 15:00 Thursday: 10:00 - 20:30 Friday: 10:00 - 21:00",
				"cs_postcode" : "W14 9NF",
				"cs_toilets_available" : "available on site",
				"cs_wheelchair_access" : "yes",
				"has_drinking_water" : "Yes",
				"has_seating" : "Yes",
				"indoor_cooling_temp" : "26c_or_less",
				"is_free_of_charge" : "Yes",
				"is_staffed_when_open" : "Yes",
				"org_name" : "Earls Court Development Company",
				"runtime" : 20250527,
				"Tier" : "Tier 2",
				"x" : 524998,
				"y" : 178061
			}
		},
		{
			"type" : "Feature",
			"geometry" : {
				"type" : "Point",
				"coordinates" : [ -0.0785031079, 51.6059716057 ]
			},
			"properties" : {
				"objectid" : 89,
				"Approve" : "Yes",
				"cs_address_one" : "AX107 Selby centre",
				"cs_address_two" : "Selby Road",
				"cs_borough" : "Haringey",
				"cs_cooling_facilities" : "Stand up fans,Natural cooling/ventilation",
				"cs_cooling_facilities_other" : null,
				"cs_heat_vulnerable" : "Young children",
				"cs_heat_vulnerable_other" : null,
				"cs_indoor_site_id" : 142,
				"cs_max_seating" : 40,
				"cs_name" : "BYEP free open space",
				"cs_opening_hours" : "Tue, Thu and Fr 10am - 5pm Sat 10am - 7pm",
				"cs_postcode" : "N17 8JL",
				"cs_toilets_available" : "available on site",
				"cs_wheelchair_access" : "no",
				"has_drinking_water" : "Yes",
				"has_seating" : "Yes",
				"indoor_cooling_temp" : "cannot_guarantee_26c",
				"is_free_of_charge" : "Yes",
				"is_staffed_when_open" : "Yes",
				"org_name" : "Billy Youth Engagement Project",
				"runtime" : 20250527,
				"Tier" : "Tier 2",
				"x" : 533160,
				"y" : 191430
			}
		},
		{
			"type" : "Feature",
			"geometry" : {
				"type" : "Point",
				"coordinates" : [ -0.1100817352, 51.4887895906 ]
			},
			"properties" : {
				"objectid" : 90,
				"Approve" : "Yes",
				"cs_address_one" : "167 Kennington Lane",
				"cs_address_two" : "London",
				"cs_borough" : "Lambeth",
				"cs_cooling_facilities" : "Other",
				"cs_cooling_facilities_other" : null,
				"cs_heat_vulnerable" : "Young children,Older people,Pregnant women",
				"cs_heat_vulnerable_other" : null,
				"cs_indoor_site_id" : 145,
				"cs_max_seating" : 36,
				"cs_name" : "Durning Library",
				"cs_opening_hours" : "Monday1pm to 6pm Tuesday10am to 6pm Wednesday10am to 8pm ThursdayClosed Friday10am to 6pm Saturday9am to 5pm SundaysClosed Bank HolidaysClosed",
				"cs_postcode" : "SE11 4HF",
				"cs_toilets_available" : "available on site",
				"cs_wheelchair_access" : "yes",
				"has_drinking_water" : "Yes",
				"has_seating" : "Yes",
				"indoor_cooling_temp" : "cannot_guarantee_26c",
				"is_free_of_charge" : "Yes",
				"is_staffed_when_open" : "Yes",
				"org_name" : "London Borough of Lambeth",
				"runtime" : 20250527,
				"Tier" : "Tier 2",
				"x" : 531310,
				"y" : 178342
			}
		},
		{
			"type" : "Feature",
			"geometry" : {
				"type" : "Point",
				"coordinates" : [ -0.114723323, 51.4611037724 ]
			},
			"properties" : {
				"objectid" : 91,
				"Approve" : "Yes",
				"cs_address_one" : "Brixton Oval",
				"cs_address_two" : "London",
				"cs_borough" : "Lambeth",
				"cs_cooling_facilities" : "Stand up fans",
				"cs_cooling_facilities_other" : null,
				"cs_heat_vulnerable" : "Young children,Older people,Pregnant women",
				"cs_heat_vulnerable_other" : null,
				"cs_indoor_site_id" : 147,
				"cs_max_seating" : 135,
				"cs_name" : "Brixton Tate Library",
				"cs_opening_hours" : "Monday1pm - 8pm Tuesday10am - 8pm Wednesday10am - 6pm Thursday10am - 8pm Friday10am - 6pm Saturday9am - 5pm Sunday12pm - 5pm Bank holidaysClosed",
				"cs_postcode" : "SW2 1JQ",
				"cs_toilets_available" : "available on site",
				"cs_wheelchair_access" : "yes",
				"has_drinking_water" : "Yes",
				"has_seating" : "Yes",
				"indoor_cooling_temp" : "cannot_guarantee_26c",
				"is_free_of_charge" : "Yes",
				"is_staffed_when_open" : "Yes",
				"org_name" : "London Borough of Lambeth",
				"runtime" : 20250527,
				"Tier" : "Tier 1",
				"x" : 531067,
				"y" : 175255
			}
		},
		{
			"type" : "Feature",
			"geometry" : {
				"type" : "Point",
				"coordinates" : [ -0.1288598697, 51.4318789453 ]
			},
			"properties" : {
				"objectid" : 92,
				"Approve" : "Yes",
				"cs_address_one" : "63 Streatham High Road",
				"cs_address_two" : "London",
				"cs_borough" : "Lambeth",
				"cs_cooling_facilities" : "Air conditioning",
				"cs_cooling_facilities_other" : null,
				"cs_heat_vulnerable" : "Young children,Older people,Pregnant women",
				"cs_heat_vulnerable_other" : null,
				"cs_indoor_site_id" : 153,
				"cs_max_seating" : 104,
				"cs_name" : "Streatham Library",
				"cs_opening_hours" : "Monday1pm to 8pm Tuesday10am to 8pm Wednesday10am to 8pm Thursday10am to 6pm Friday10am to 6pm Saturday9am to 5pm Sundaysmidday to 5pm Bank HolidaysClosed",
				"cs_postcode" : "SW16 1PN",
				"cs_toilets_available" : "available on site",
				"cs_wheelchair_access" : "yes",
				"has_drinking_water" : "Yes",
				"has_seating" : "Yes",
				"indoor_cooling_temp" : "26c_or_less",
				"is_free_of_charge" : "Yes",
				"is_staffed_when_open" : "Yes",
				"org_name" : "London Borough of Lambeth",
				"runtime" : 20250527,
				"Tier" : "Tier 1",
				"x" : 530168,
				"y" : 171980
			}
		},
		{
			"type" : "Feature",
			"geometry" : {
				"type" : "Point",
				"coordinates" : [ -0.1691503899, 51.6529500828 ]
			},
			"properties" : {
				"objectid" : 94,
				"Approve" : "Yes",
				"cs_address_one" : "Victoria Recreation Ground",
				"cs_address_two" : "1 Lawton Road",
				"cs_borough" : "Barnet",
				"cs_cooling_facilities" : "Air conditioning",
				"cs_cooling_facilities_other" : null,
				"cs_heat_vulnerable" : "Young children,Older people,Pregnant women",
				"cs_heat_vulnerable_other" : null,
				"cs_indoor_site_id" : 572,
				"cs_max_seating" : 20,
				"cs_name" : "New Barnet Library",
				"cs_opening_hours" : "Tuesday from 10am to 2pm Thursday from 4pm to 7pm Friday from 10am to 5pm Saturday from 9am to 12 noon",
				"cs_postcode" : "EN4 9BS",
				"cs_toilets_available" : "available on site",
				"cs_wheelchair_access" : "yes",
				"has_drinking_water" : "Yes",
				"has_seating" : "Yes",
				"indoor_cooling_temp" : "cannot_guarantee_26c",
				"is_free_of_charge" : "Yes",
				"is_staffed_when_open" : "Yes",
				"org_name" : "New Barnet Library",
				"runtime" : 20250527,
				"Tier" : "Tier 2",
				"x" : 526752.16,
				"y" : 196493.06
			}
		},
		{
			"type" : "Feature",
			"geometry" : {
				"type" : "Point",
				"coordinates" : [ -0.1732085438, 51.5422890489 ]
			},
			"properties" : {
				"objectid" : 95,
				"Approve" : "Yes",
				"cs_address_one" : "88 Avenue Road",
				"cs_address_two" : null,
				"cs_borough" : "Camden",
				"cs_cooling_facilities" : null,
				"cs_cooling_facilities_other" : null,
				"cs_heat_vulnerable" : "Young children,Older people,Pregnant women",
				"cs_heat_vulnerable_other" : null,
				"cs_indoor_site_id" : 582,
				"cs_max_seating" : 25,
				"cs_name" : "Swiss Cottage Library",
				"cs_opening_hours" : "Monday to Thursday: 10am to 8pm Friday to Saturday: 10am to 5pm Sunday: closed",
				"cs_postcode" : "NW3 3HA",
				"cs_toilets_available" : "available on site",
				"cs_wheelchair_access" : "yes",
				"has_drinking_water" : "Yes",
				"has_seating" : "Yes",
				"indoor_cooling_temp" : "cannot_guarantee_26c",
				"is_free_of_charge" : "Yes",
				"is_staffed_when_open" : "Yes",
				"org_name" : "Camden Council",
				"runtime" : 20250527,
				"Tier" : "Tier 1",
				"x" : 526779,
				"y" : 184180
			}
		},
		{
			"type" : "Feature",
			"geometry" : {
				"type" : "Point",
				"coordinates" : [ -0.1476467187, 51.4934626266 ]
			},
			"properties" : {
				"objectid" : 96,
				"Approve" : "Yes",
				"cs_address_one" : "160 Buckingham Palace Rd, London",
				"cs_address_two" : null,
				"cs_borough" : "Westminster",
				"cs_cooling_facilities" : "Stand up fans,Natural cooling/ventilation",
				"cs_cooling_facilities_other" : null,
				"cs_heat_vulnerable" : "Young children,Older people,Pregnant women",
				"cs_heat_vulnerable_other" : null,
				"cs_indoor_site_id" : 586,
				"cs_max_seating" : 20,
				"cs_name" : "Victoria Library Mini Hub",
				"cs_opening_hours" : "Monday 09:30-20:00 Tuesday to Friday 09:30-19:00 Saturday 09:30-17:00 Sunday closed",
				"cs_postcode" : "SW1W 9TR",
				"cs_toilets_available" : "available on site",
				"cs_wheelchair_access" : "yes",
				"has_drinking_water" : "Yes",
				"has_seating" : "Yes",
				"indoor_cooling_temp" : "cannot_guarantee_26c",
				"is_free_of_charge" : "Yes",
				"is_staffed_when_open" : "Yes",
				"org_name" : "Westminster City Council",
				"runtime" : 20250527,
				"Tier" : "Tier 1",
				"x" : 528689,
				"y" : 178795
			}
		},
		{
			"type" : "Feature",
			"geometry" : {
				"type" : "Point",
				"coordinates" : [ -0.1970727872, 51.5255902009 ]
			},
			"properties" : {
				"objectid" : 97,
				"Approve" : "Yes",
				"cs_address_one" : "61-63 Elgin Avenue",
				"cs_address_two" : null,
				"cs_borough" : "Westminster",
				"cs_cooling_facilities" : "Air conditioning,Natural cooling/ventilation",
				"cs_cooling_facilities_other" : null,
				"cs_heat_vulnerable" : "Young children,Older people,Pregnant women",
				"cs_heat_vulnerable_other" : null,
				"cs_indoor_site_id" : 587,
				"cs_max_seating" : 20,
				"cs_name" : "The Exchange at Ernest Harriss House",
				"cs_opening_hours" : "Monday to Saturday: 09:00-20:00 Sunday: closed",
				"cs_postcode" : "W9 2DB",
				"cs_toilets_available" : "available on site",
				"cs_wheelchair_access" : "yes",
				"has_drinking_water" : "Yes",
				"has_seating" : "Yes",
				"indoor_cooling_temp" : "26c_or_less",
				"is_free_of_charge" : "Yes",
				"is_staffed_when_open" : "Yes",
				"org_name" : "Westminster City Council",
				"runtime" : 20250527,
				"Tier" : "Tier 1",
				"x" : 525170,
				"y" : 182282
			}
		},
		{
			"type" : "Feature",
			"geometry" : {
				"type" : "Point",
				"coordinates" : [ -0.4797163046, 51.5456983845 ]
			},
			"properties" : {
				"objectid" : 99,
				"Approve" : "Yes",
				"cs_address_one" : "Windsor Street",
				"cs_address_two" : "Uxbridge",
				"cs_borough" : "Hillingdon",
				"cs_cooling_facilities" : "Natural cooling/ventilation,Other",
				"cs_cooling_facilities_other" : "Traditional stone church building. Always remains cool.",
				"cs_heat_vulnerable" : "Young children,Older people,Pregnant women",
				"cs_heat_vulnerable_other" : null,
				"cs_indoor_site_id" : 573,
				"cs_max_seating" : 150,
				"cs_name" : "St Margaret's Church Uxbridge",
				"cs_opening_hours" : "Mondays 11am to 1pm - open for drop in Fridays 11am to 1pm - open for drop in Wednesday 12:30pm - open for church service Sunday 10am - open for church service",
				"cs_postcode" : "UB8 1AB",
				"cs_toilets_available" : "available on site",
				"cs_wheelchair_access" : "yes",
				"has_drinking_water" : "Yes",
				"has_seating" : "Yes",
				"indoor_cooling_temp" : "cannot_guarantee_26c",
				"is_free_of_charge" : "Yes",
				"is_staffed_when_open" : "Yes",
				"org_name" : "Church of England",
				"runtime" : 20250527,
				"Tier" : "Tier 2",
				"x" : 505517,
				"y" : 184073
			}
		},
		{
			"type" : "Feature",
			"geometry" : {
				"type" : "Point",
				"coordinates" : [ -0.0244917724, 51.5077113713 ]
			},
			"properties" : {
				"objectid" : 100,
				"Approve" : "Yes",
				"cs_address_one" : "No. 1, West India Quay",
				"cs_address_two" : "Hertsmere Road",
				"cs_borough" : "Tower Hamlets",
				"cs_cooling_facilities" : "Air conditioning,Natural cooling/ventilation",
				"cs_cooling_facilities_other" : null,
				"cs_heat_vulnerable" : "Young children,Older people,Pregnant women",
				"cs_heat_vulnerable_other" : null,
				"cs_indoor_site_id" : 575,
				"cs_max_seating" : 200,
				"cs_name" : "London Museum Docklands",
				"cs_opening_hours" : "Mon - Sun, 10am - 5pm Not open 24 - 26 December",
				"cs_postcode" : "E14 4AL",
				"cs_toilets_available" : "available on site",
				"cs_wheelchair_access" : "yes",
				"has_drinking_water" : "Yes",
				"has_seating" : "Yes",
				"indoor_cooling_temp" : "cannot_guarantee_26c",
				"is_free_of_charge" : "Yes",
				"is_staffed_when_open" : "Yes",
				"org_name" : "London Museum Docklands",
				"runtime" : 20250527,
				"Tier" : "Tier 1",
				"x" : 537195,
				"y" : 180603
			}
		},
		{
			"type" : "Feature",
			"geometry" : {
				"type" : "Point",
				"coordinates" : [ -0.1105986418, 51.6155844658 ]
			},
			"properties" : {
				"objectid" : 101,
				"Approve" : "Yes",
				"cs_address_one" : "Broomfield Lane",
				"cs_address_two" : null,
				"cs_borough" : "Enfield",
				"cs_cooling_facilities" : "Air conditioning",
				"cs_cooling_facilities_other" : null,
				"cs_heat_vulnerable" : "Young children,Older people,Pregnant women",
				"cs_heat_vulnerable_other" : null,
				"cs_indoor_site_id" : 576,
				"cs_max_seating" : 50,
				"cs_name" : "Palmers Green Library",
				"cs_opening_hours" : "Monday, Tuesday, Thursday 9-8pm Friday 9-5.30pm Saturday 9-5pm  Closed on Public Holidays.",
				"cs_postcode" : "N13 4EY",
				"cs_toilets_available" : "available on site",
				"cs_wheelchair_access" : "yes",
				"has_drinking_water" : "Yes",
				"has_seating" : "Yes",
				"indoor_cooling_temp" : "cannot_guarantee_26c",
				"is_free_of_charge" : "Yes",
				"is_staffed_when_open" : "Yes",
				"org_name" : "Enfield Council",
				"runtime" : 20250527,
				"Tier" : "Tier 1",
				"x" : 530909.91,
				"y" : 192440.99
			}
		},
		{
			"type" : "Feature",
			"geometry" : {
				"type" : "Point",
				"coordinates" : [ -0.0585990499, 51.6229814402 ]
			},
			"properties" : {
				"objectid" : 102,
				"Approve" : "Yes",
				"cs_address_one" : "36-44 South Mall",
				"cs_address_two" : null,
				"cs_borough" : "Enfield",
				"cs_cooling_facilities" : "Air conditioning,Natural cooling/ventilation",
				"cs_cooling_facilities_other" : null,
				"cs_heat_vulnerable" : "Young children,Older people,Pregnant women",
				"cs_heat_vulnerable_other" : null,
				"cs_indoor_site_id" : 577,
				"cs_max_seating" : 100,
				"cs_name" : "Edmonton Green Library",
				"cs_opening_hours" : "Monday\t 09:00 - 19:00  Tuesday\t 09:00 - 19:00  Wednesday\t 09:00 - 19:00  Thursday\t 09:00 - 19:00  Friday\t 09:00 - 17:30  Saturday\t 09:00 - 17:00  Sunday\t Closed",
				"cs_postcode" : "N90TN",
				"cs_toilets_available" : "available on site",
				"cs_wheelchair_access" : "yes",
				"has_drinking_water" : "Yes",
				"has_seating" : "Yes",
				"indoor_cooling_temp" : "cannot_guarantee_26c",
				"is_free_of_charge" : "Yes",
				"is_staffed_when_open" : "Yes",
				"org_name" : "London Borough of Enfield",
				"runtime" : 20250527,
				"Tier" : "Tier 1",
				"x" : 534488,
				"y" : 193358
			}
		},
		{
			"type" : "Feature",
			"geometry" : {
				"type" : "Point",
				"coordinates" : [ -0.0393175922, 51.6720750592 ]
			},
			"properties" : {
				"objectid" : 103,
				"Approve" : "Yes",
				"cs_address_one" : "645 Hertford road",
				"cs_address_two" : null,
				"cs_borough" : "Enfield",
				"cs_cooling_facilities" : "Air conditioning",
				"cs_cooling_facilities_other" : null,
				"cs_heat_vulnerable" : "Young children,Older people,Pregnant women",
				"cs_heat_vulnerable_other" : null,
				"cs_indoor_site_id" : 578,
				"cs_max_seating" : 150,
				"cs_name" : "Ordnance Unity Centre library",
				"cs_opening_hours" : "Mon 9am-8pm Tuesday 9am-8pm Wednesday - closed Thursday 9am-8pm Friday 9am-5.30pm Saturday 9am-5pm",
				"cs_postcode" : "EN3 6ND",
				"cs_toilets_available" : "available on site",
				"cs_wheelchair_access" : "yes",
				"has_drinking_water" : "Yes",
				"has_seating" : "Yes",
				"indoor_cooling_temp" : "cannot_guarantee_26c",
				"is_free_of_charge" : "Yes",
				"is_staffed_when_open" : "Yes",
				"org_name" : "Ordnance Unity Centre Library",
				"runtime" : 20250527,
				"Tier" : "Tier 1",
				"x" : 535676,
				"y" : 198853
			}
		},
		{
			"type" : "Feature",
			"geometry" : {
				"type" : "Point",
				"coordinates" : [ -0.0914945698, 51.570534695 ]
			},
			"properties" : {
				"objectid" : 105,
				"Approve" : "Yes",
				"cs_address_one" : "Kayani Avenue",
				"cs_address_two" : null,
				"cs_borough" : "Hackney",
				"cs_cooling_facilities" : "Air conditioning,Natural cooling/ventilation",
				"cs_cooling_facilities_other" : null,
				"cs_heat_vulnerable" : "Young children,Older people,Pregnant women",
				"cs_heat_vulnerable_other" : null,
				"cs_indoor_site_id" : 580,
				"cs_max_seating" : 25,
				"cs_name" : "Redmond Community Centre",
				"cs_opening_hours" : "Monday-Friday: 9am-6pm Saturday-Sunday: Closed Bank holidays: Closed",
				"cs_postcode" : "N4 2HF",
				"cs_toilets_available" : "available on site",
				"cs_wheelchair_access" : "yes",
				"has_drinking_water" : "Yes",
				"has_seating" : "Yes",
				"indoor_cooling_temp" : "cannot_guarantee_26c",
				"is_free_of_charge" : "Yes",
				"is_staffed_when_open" : "Yes",
				"org_name" : "London Development Trust",
				"runtime" : 20250527,
				"Tier" : "Tier 1",
				"x" : 532363.23,
				"y" : 187465.67
			}
		},
		{
			"type" : "Feature",
			"geometry" : {
				"type" : "Point",
				"coordinates" : [ -0.0244574801, 51.5837530142 ]
			},
			"properties" : {
				"objectid" : 106,
				"Approve" : "Yes",
				"cs_address_one" : "17 & central, 45 selborne walk",
				"cs_address_two" : null,
				"cs_borough" : "Waltham Forest",
				"cs_cooling_facilities" : "Air conditioning,Natural cooling/ventilation",
				"cs_cooling_facilities_other" : null,
				"cs_heat_vulnerable" : "Young children,Older people,Pregnant women",
				"cs_heat_vulnerable_other" : null,
				"cs_indoor_site_id" : 581,
				"cs_max_seating" : 250,
				"cs_name" : "CRATE Walthamstow",
				"cs_opening_hours" : "Monday - Wednesday: 9:00 - 20:30 Thursday: 9:00- 21:00 Friday-Saturday: 9:00 - 21:30 Sunday: 10:00 - 19:00",
				"cs_postcode" : "E17 7JR",
				"cs_toilets_available" : "available on site",
				"cs_wheelchair_access" : "yes",
				"has_drinking_water" : "Yes",
				"has_seating" : "Yes",
				"indoor_cooling_temp" : "26c_or_less",
				"is_free_of_charge" : "Yes",
				"is_staffed_when_open" : "Yes",
				"org_name" : "CRATE Walthamstow",
				"runtime" : 20250527,
				"Tier" : "Tier 1",
				"x" : 536969,
				"y" : 189059
			}
		},
		{
			"type" : "Feature",
			"geometry" : {
				"type" : "Point",
				"coordinates" : [ -0.1511275641, 51.5503338199 ]
			},
			"properties" : {
				"objectid" : 108,
				"Approve" : "Yes",
				"cs_address_one" : "165 Queen's Crescent",
				"cs_address_two" : null,
				"cs_borough" : "Camden",
				"cs_cooling_facilities" : "Air conditioning",
				"cs_cooling_facilities_other" : null,
				"cs_heat_vulnerable" : "Young children,Older people,Pregnant women",
				"cs_heat_vulnerable_other" : null,
				"cs_indoor_site_id" : 584,
				"cs_max_seating" : 10,
				"cs_name" : "Queens Crescent Library",
				"cs_opening_hours" : "Monday: 10am to 6pm Tuesday to Thursday: 11am to 6pm Friday to Saturday: 11am to 5pm Sunday: closed",
				"cs_postcode" : "NW5 4HH",
				"cs_toilets_available" : "available on site",
				"cs_wheelchair_access" : "yes",
				"has_drinking_water" : "Yes",
				"has_seating" : "Yes",
				"indoor_cooling_temp" : "26c_or_less",
				"is_free_of_charge" : "Yes",
				"is_staffed_when_open" : "Yes",
				"org_name" : "Camden Council",
				"runtime" : 20250527,
				"Tier" : "Tier 2",
				"x" : 528287.51,
				"y" : 185113.05
			}
		},
		{
			"type" : "Feature",
			"geometry" : {
				"type" : "Point",
				"coordinates" : [ -0.1626678661, 51.4713431939 ]
			},
			"properties" : {
				"objectid" : 109,
				"Approve" : "Yes",
				"cs_address_one" : "Burns Road",
				"cs_address_two" : null,
				"cs_borough" : "Wandsworth",
				"cs_cooling_facilities" : "Air conditioning,Natural cooling/ventilation",
				"cs_cooling_facilities_other" : null,
				"cs_heat_vulnerable" : "Young children,Older people,Pregnant women",
				"cs_heat_vulnerable_other" : null,
				"cs_indoor_site_id" : 590,
				"cs_max_seating" : 20,
				"cs_name" : "Latchmere Leisure Centre",
				"cs_opening_hours" : "Mon - Fri 7.45am - 9.30pm Sat-sun 7.45am - 7.30pm",
				"cs_postcode" : "SW11 5AD",
				"cs_toilets_available" : "available on site",
				"cs_wheelchair_access" : "yes",
				"has_drinking_water" : "Yes",
				"has_seating" : "Yes",
				"indoor_cooling_temp" : "26c_or_less",
				"is_free_of_charge" : "Yes",
				"is_staffed_when_open" : "Yes",
				"org_name" : "Latchmere Leisure Centre",
				"runtime" : 20250527,
				"Tier" : "Tier 1",
				"x" : 527708,
				"y" : 176309
			}
		},
		{
			"type" : "Feature",
			"geometry" : {
				"type" : "Point",
				"coordinates" : [ -0.1523765999, 51.4455612974 ]
			},
			"properties" : {
				"objectid" : 110,
				"Approve" : "Yes",
				"cs_address_one" : "16 Ramsden Road",
				"cs_address_two" : "London",
				"cs_borough" : "Wandsworth",
				"cs_cooling_facilities" : "Stand up fans,Natural cooling/ventilation",
				"cs_cooling_facilities_other" : null,
				"cs_heat_vulnerable" : "Young children,Older people,Pregnant women",
				"cs_heat_vulnerable_other" : null,
				"cs_indoor_site_id" : 591,
				"cs_max_seating" : 100,
				"cs_name" : "Balham Library",
				"cs_opening_hours" : "Monday 9am - 8pm Wednesday 9am - 8pm Thursday 9am  - 8pm Friday 9am - 5pm Saturday 10am - 6pm (Closed on Tuesday, Sunday and Public Holidays)",
				"cs_postcode" : "SW12 8QY",
				"cs_toilets_available" : "available on site",
				"cs_wheelchair_access" : "yes",
				"has_drinking_water" : "Yes",
				"has_seating" : "Yes",
				"indoor_cooling_temp" : "cannot_guarantee_26c",
				"is_free_of_charge" : "Yes",
				"is_staffed_when_open" : "Yes",
				"org_name" : "Greenwich Leisure Limited (GLL)",
				"runtime" : 20250527,
				"Tier" : "Tier 1",
				"x" : 528495,
				"y" : 173460
			}
		},
		{
			"type" : "Feature",
			"geometry" : {
				"type" : "Point",
				"coordinates" : [ -0.3599920086, 51.4459782036 ]
			},
			"properties" : {
				"objectid" : 111,
				"Approve" : "Yes",
				"cs_address_one" : "Whitton Community Centre",
				"cs_address_two" : "Percy Road",
				"cs_borough" : "Richmond upon Thames",
				"cs_cooling_facilities" : "Stand up fans",
				"cs_cooling_facilities_other" : null,
				"cs_heat_vulnerable" : "Young children,Older people,Pregnant women",
				"cs_heat_vulnerable_other" : null,
				"cs_indoor_site_id" : 592,
				"cs_max_seating" : 75,
				"cs_name" : "Trimble Lounge",
				"cs_opening_hours" : "Tuesday 2-5pm Thursday 2-5pm",
				"cs_postcode" : "TW2 6JL",
				"cs_toilets_available" : "available on site",
				"cs_wheelchair_access" : "yes",
				"has_drinking_water" : "Yes",
				"has_seating" : "Yes",
				"indoor_cooling_temp" : "cannot_guarantee_26c",
				"is_free_of_charge" : "Yes",
				"is_staffed_when_open" : "Yes",
				"org_name" : "Whitton Community Centre",
				"runtime" : 20250527,
				"Tier" : "Tier 2",
				"x" : 514067,
				"y" : 173163
			}
		},
		{
			"type" : "Feature",
			"geometry" : {
				"type" : "Point",
				"coordinates" : [ -0.2872657016, 51.4830612644 ]
			},
			"properties" : {
				"objectid" : 112,
				"Approve" : "Yes",
				"cs_address_one" : "The Green",
				"cs_address_two" : "Kew",
				"cs_borough" : "Richmond upon Thames",
				"cs_cooling_facilities" : "Natural cooling/ventilation",
				"cs_cooling_facilities_other" : null,
				"cs_heat_vulnerable" : "Young children,Older people,Pregnant women",
				"cs_heat_vulnerable_other" : null,
				"cs_indoor_site_id" : 593,
				"cs_max_seating" : 60,
				"cs_name" : "St Anne's Church",
				"cs_opening_hours" : "Monday Closed Tuesday 10.00am to 3.00pm Wednesday to Saturday 10.00 to 4.00pm Sunday 7.30am to noon",
				"cs_postcode" : "TW9 3AA",
				"cs_toilets_available" : "available on site",
				"cs_wheelchair_access" : "yes",
				"has_drinking_water" : "Yes",
				"has_seating" : "Yes",
				"indoor_cooling_temp" : "26c_or_less",
				"is_free_of_charge" : "Yes",
				"is_staffed_when_open" : "Yes",
				"org_name" : "St Anne's Church",
				"runtime" : 20250527,
				"Tier" : "Tier 2",
				"x" : 519024.26,
				"y" : 177402.41
			}
		},
		{
			"type" : "Feature",
			"geometry" : {
				"type" : "Point",
				"coordinates" : [ -0.1371719951, 51.4881791472 ]
			},
			"properties" : {
				"objectid" : 113,
				"Approve" : "Yes",
				"cs_address_one" : "Lupus St, Pimlico, London SW1V 3AT",
				"cs_address_two" : null,
				"cs_borough" : "Westminster",
				"cs_cooling_facilities" : "Air conditioning",
				"cs_cooling_facilities_other" : null,
				"cs_heat_vulnerable" : "Young children,Older people,Pregnant women",
				"cs_heat_vulnerable_other" : null,
				"cs_indoor_site_id" : 594,
				"cs_max_seating" : 10,
				"cs_name" : "Pimlico Library",
				"cs_opening_hours" : "Sunday\t1:30–5 pm Monday\t9:30 am–8 pm Tuesday\t9:30 am–8 pm Wednesday\t10 am–8 pm Thursday\t9:30 am–8 pm Friday\t9:30 am–8 pm Saturday\t9:30 am–5 pm",
				"cs_postcode" : "SW1V 3AT",
				"cs_toilets_available" : "available on site",
				"cs_wheelchair_access" : "yes",
				"has_drinking_water" : "Yes",
				"has_seating" : "Yes",
				"indoor_cooling_temp" : "26c_or_less",
				"is_free_of_charge" : "Yes",
				"is_staffed_when_open" : "Yes",
				"org_name" : "Westminster City Council",
				"runtime" : 20250527,
				"Tier" : "Tier 1",
				"x" : 529431.06,
				"y" : 178225.92
			}
		},
		{
			"type" : "Feature",
			"geometry" : {
				"type" : "Point",
				"coordinates" : [ -0.1276451263, 51.5097725736 ]
			},
			"properties" : {
				"objectid" : 114,
				"Approve" : "Yes",
				"cs_address_one" : "4-6 Charing Cross Rd, London WC2H 0HF",
				"cs_address_two" : null,
				"cs_borough" : "Westminster",
				"cs_cooling_facilities" : "Air conditioning",
				"cs_cooling_facilities_other" : null,
				"cs_heat_vulnerable" : "Young children,Older people,Pregnant women",
				"cs_heat_vulnerable_other" : null,
				"cs_indoor_site_id" : 596,
				"cs_max_seating" : 10,
				"cs_name" : "Charing Cross Library",
				"cs_opening_hours" : "Sunday\t11 am–5 pm Monday\t9:30 am–8 pm Tuesday\t9:30 am–7 pm Wednesday\t10 am–7 pm Thursday\t9:30 am–7 pm Friday\t9:30 am–7 pm Saturday\t10:30 am–2 pm",
				"cs_postcode" : "WC2H 0HF",
				"cs_toilets_available" : "available on site",
				"cs_wheelchair_access" : "no",
				"has_drinking_water" : "Yes",
				"has_seating" : "Yes",
				"indoor_cooling_temp" : "26c_or_less",
				"is_free_of_charge" : "Yes",
				"is_staffed_when_open" : "Yes",
				"org_name" : "Westminster City Council",
				"runtime" : 20250527,
				"Tier" : "Tier 1",
				"x" : 530031,
				"y" : 180644
			}
		},
		{
			"type" : "Feature",
			"geometry" : {
				"type" : "Point",
				"coordinates" : [ -0.1511227538, 51.5093716193 ]
			},
			"properties" : {
				"objectid" : 116,
				"Approve" : "Yes",
				"cs_address_one" : "25 S Audley St, London W1K 2PB",
				"cs_address_two" : null,
				"cs_borough" : "Westminster",
				"cs_cooling_facilities" : "Air conditioning",
				"cs_cooling_facilities_other" : null,
				"cs_heat_vulnerable" : "Young children,Older people,Pregnant women",
				"cs_heat_vulnerable_other" : null,
				"cs_indoor_site_id" : 598,
				"cs_max_seating" : 5,
				"cs_name" : "Mayfair library",
				"cs_opening_hours" : "Sunday\tClosed Monday\t11 am–7 pm Tuesday\t11 am–7 pm Wednesday\t11 am–7 pm Thursday\t11 am–7 pm Friday\t11 am–7 pm Saturday\t10:30 am–2 pm",
				"cs_postcode" : "W1K 2PB",
				"cs_toilets_available" : "available on site",
				"cs_wheelchair_access" : "no",
				"has_drinking_water" : "Yes",
				"has_seating" : "Yes",
				"indoor_cooling_temp" : "26c_or_less",
				"is_free_of_charge" : "Yes",
				"is_staffed_when_open" : "Yes",
				"org_name" : "Westminster City Council",
				"runtime" : 20250527,
				"Tier" : "Tier 2",
				"x" : 528403,
				"y" : 180558
			}
		},
		{
			"type" : "Feature",
			"geometry" : {
				"type" : "Point",
				"coordinates" : [ -0.1506060549, 51.5189227051 ]
			},
			"properties" : {
				"objectid" : 117,
				"Approve" : "Yes",
				"cs_address_one" : "9-11 New Cavendish St, London W1G 9UQ",
				"cs_address_two" : null,
				"cs_borough" : "Westminster",
				"cs_cooling_facilities" : "Air conditioning",
				"cs_cooling_facilities_other" : null,
				"cs_heat_vulnerable" : "Young children,Older people,Pregnant women",
				"cs_heat_vulnerable_other" : null,
				"cs_indoor_site_id" : 599,
				"cs_max_seating" : 2,
				"cs_name" : "Marylebone library",
				"cs_opening_hours" : "Sunday\t1:30–5 pm Monday\t9:30 am–8 pm Tuesday\t9:30 am–8 pm Wednesday\t10 am–8 pm Thursday\t9:30 am–8 pm Friday\t9:30 am–8 pm Saturday\t9:30 am–5 pm",
				"cs_postcode" : "W1G 9UQ",
				"cs_toilets_available" : "available on site",
				"cs_wheelchair_access" : "yes",
				"has_drinking_water" : "Yes",
				"has_seating" : "Yes",
				"indoor_cooling_temp" : "26c_or_less",
				"is_free_of_charge" : "Yes",
				"is_staffed_when_open" : "Yes",
				"org_name" : "Westminster City Council",
				"runtime" : 20250527,
				"Tier" : "Tier 1",
				"x" : 528412,
				"y" : 181621
			}
		},
		{
			"type" : "Feature",
			"geometry" : {
				"type" : "Point",
				"coordinates" : [ -0.1904346657, 51.5246696659 ]
			},
			"properties" : {
				"objectid" : 118,
				"Approve" : "Yes",
				"cs_address_one" : "Sutherland Ave",
				"cs_address_two" : "London",
				"cs_borough" : "Westminster",
				"cs_cooling_facilities" : "Natural cooling/ventilation",
				"cs_cooling_facilities_other" : null,
				"cs_heat_vulnerable" : "Young children,Older people,Pregnant women",
				"cs_heat_vulnerable_other" : null,
				"cs_indoor_site_id" : 601,
				"cs_max_seating" : 20,
				"cs_name" : "Maida Vale Library",
				"cs_opening_hours" : "Mon - 9.30-5.00pm Tues - 9.30-5.00pm",
				"cs_postcode" : "W9 2QT",
				"cs_toilets_available" : "available on site",
				"cs_wheelchair_access" : "yes",
				"has_drinking_water" : "Yes",
				"has_seating" : "Yes",
				"indoor_cooling_temp" : "cannot_guarantee_26c",
				"is_free_of_charge" : "Yes",
				"is_staffed_when_open" : "Yes",
				"org_name" : "Westminster Libraries and Archives",
				"runtime" : 20250527,
				"Tier" : "Tier 2",
				"x" : 525633,
				"y" : 182191
			}
		},
		{
			"type" : "Feature",
			"geometry" : {
				"type" : "Point",
				"coordinates" : [ -0.1726027498, 51.5336556744 ]
			},
			"properties" : {
				"objectid" : 119,
				"Approve" : "Yes",
				"cs_address_one" : "20 Circus Rd, London",
				"cs_address_two" : null,
				"cs_borough" : "Westminster",
				"cs_cooling_facilities" : "Stand up fans",
				"cs_cooling_facilities_other" : null,
				"cs_heat_vulnerable" : "Young children,Older people",
				"cs_heat_vulnerable_other" : null,
				"cs_indoor_site_id" : 602,
				"cs_max_seating" : 15,
				"cs_name" : "St John's Wood Library",
				"cs_opening_hours" : "Wednesday - 10.am-5.00pm Thursday - 9.30am-5.00pm",
				"cs_postcode" : "NW8 6PD",
				"cs_toilets_available" : "available on site",
				"cs_wheelchair_access" : "yes",
				"has_drinking_water" : "Yes",
				"has_seating" : "Yes",
				"indoor_cooling_temp" : "cannot_guarantee_26c",
				"is_free_of_charge" : "Yes",
				"is_staffed_when_open" : "Yes",
				"org_name" : "Westminster Libraries and Archives",
				"runtime" : 20250527,
				"Tier" : "Tier 2",
				"x" : 526845,
				"y" : 183221
			}
		},
		{
			"type" : "Feature",
			"geometry" : {
				"type" : "Point",
				"coordinates" : [ -0.2109135585, 51.5270251008 ]
			},
			"properties" : {
				"objectid" : 120,
				"Approve" : "Yes",
				"cs_address_one" : "666 Harrow Road",
				"cs_address_two" : null,
				"cs_borough" : "Westminster",
				"cs_cooling_facilities" : "Stand up fans",
				"cs_cooling_facilities_other" : null,
				"cs_heat_vulnerable" : "Young children,Older people,Pregnant women",
				"cs_heat_vulnerable_other" : null,
				"cs_indoor_site_id" : 603,
				"cs_max_seating" : 20,
				"cs_name" : "Queen's Park Library",
				"cs_opening_hours" : "Thursday - 9.30am-5.00pm Friday - 9.30am-5.00pm",
				"cs_postcode" : "W10 4NE",
				"cs_toilets_available" : "available on site",
				"cs_wheelchair_access" : "yes",
				"has_drinking_water" : "Yes",
				"has_seating" : "Yes",
				"indoor_cooling_temp" : "cannot_guarantee_26c",
				"is_free_of_charge" : "Yes",
				"is_staffed_when_open" : "Yes",
				"org_name" : "Westminster Libraries and Archives",
				"runtime" : 20250527,
				"Tier" : "Tier 2",
				"x" : 524206,
				"y" : 182418
			}
		},
		{
			"type" : "Feature",
			"geometry" : {
				"type" : "Point",
				"coordinates" : [ -0.1886177755, 51.5174205365 ]
			},
			"properties" : {
				"objectid" : 121,
				"Approve" : "Yes",
				"cs_address_one" : "Porchester Road London 45,",
				"cs_address_two" : null,
				"cs_borough" : "Westminster",
				"cs_cooling_facilities" : "Stand up fans",
				"cs_cooling_facilities_other" : null,
				"cs_heat_vulnerable" : "Young children,Older people,Pregnant women",
				"cs_heat_vulnerable_other" : null,
				"cs_indoor_site_id" : 604,
				"cs_max_seating" : 25,
				"cs_name" : "Paddington Library",
				"cs_opening_hours" : "Monday - 9.30am-5.00pm Tuesday - 9.30am-5.00pm",
				"cs_postcode" : "W2 5DU",
				"cs_toilets_available" : "available on site",
				"cs_wheelchair_access" : "yes",
				"has_drinking_water" : "Yes",
				"has_seating" : "Yes",
				"indoor_cooling_temp" : "cannot_guarantee_26c",
				"is_free_of_charge" : "Yes",
				"is_staffed_when_open" : "Yes",
				"org_name" : "Westminster Libraries and Archives",
				"runtime" : 20250527,
				"Tier" : "Tier 2",
				"x" : 525779,
				"y" : 181388
			}
		},
		{
			"type" : "Feature",
			"geometry" : {
				"type" : "Point",
				"coordinates" : [ -0.1701185172, 51.5233783718 ]
			},
			"properties" : {
				"objectid" : 122,
				"Approve" : "Yes",
				"cs_address_one" : "Church Street 67",
				"cs_address_two" : "London",
				"cs_borough" : "Westminster",
				"cs_cooling_facilities" : "Stand up fans",
				"cs_cooling_facilities_other" : null,
				"cs_heat_vulnerable" : "Young children,Older people,Pregnant women",
				"cs_heat_vulnerable_other" : null,
				"cs_indoor_site_id" : 605,
				"cs_max_seating" : 20,
				"cs_name" : "Church Street Library",
				"cs_opening_hours" : "Wednesday - 10.00am-5.00pm Thursday - 9.30am-5.00pm",
				"cs_postcode" : "NW8 8EU",
				"cs_toilets_available" : "available on site",
				"cs_wheelchair_access" : "yes",
				"has_drinking_water" : "Yes",
				"has_seating" : "Yes",
				"indoor_cooling_temp" : "cannot_guarantee_26c",
				"is_free_of_charge" : "Yes",
				"is_staffed_when_open" : "Yes",
				"org_name" : "Westminster Libraries and Archives",
				"runtime" : 20250527,
				"Tier" : "Tier 2",
				"x" : 527045.89,
				"y" : 182082.45
			}
		},
		{
			"type" : "Feature",
			"geometry" : {
				"type" : "Point",
				"coordinates" : [ -0.1297824813, 51.5096627888 ]
			},
			"properties" : {
				"objectid" : 115,
				"Approve" : "Yes",
				"cs_address_one" : "35 St Martin's St, London WC2H 7HP",
				"cs_address_two" : null,
				"cs_borough" : "Westminster",
				"cs_cooling_facilities" : "Air conditioning",
				"cs_cooling_facilities_other" : null,
				"cs_heat_vulnerable" : "Older people,Pregnant women",
				"cs_heat_vulnerable_other" : null,
				"cs_indoor_site_id" : 597,
				"cs_max_seating" : 5,
				"cs_name" : "Westminster Reference Library",
				"cs_opening_hours" : "Sunday\tClosed Monday\t10 am–8 pm Tuesday\t10 am–8 pm Wednesday\t10 am–8 pm Thursday\t10 am–8 pm Friday\t10 am–8 pm Saturday\t10 am–5 pm",
				"cs_postcode" : "WC2H 7HP",
				"cs_toilets_available" : "available on site",
				"cs_wheelchair_access" : "no",
				"has_drinking_water" : "Yes",
				"has_seating" : "Yes",
				"indoor_cooling_temp" : "26c_or_less",
				"is_free_of_charge" : "Yes",
				"is_staffed_when_open" : "Yes",
				"org_name" : "Westminster City Council",
				"runtime" : 20250527,
				"Tier" : "Tier 2",
				"x" : 529883,
				"y" : 180628
			}
		},
		{
			"type" : "Feature",
			"geometry" : {
				"type" : "Point",
				"coordinates" : [ 0.0668154569, 51.4878536127 ]
			},
			"properties" : {
				"objectid" : 123,
				"Approve" : "Yes",
				"cs_address_one" : "107 Brookhill Road",
				"cs_address_two" : "Woolwich",
				"cs_borough" : "Greenwich",
				"cs_cooling_facilities" : "Natural cooling/ventilation",
				"cs_cooling_facilities_other" : null,
				"cs_heat_vulnerable" : "Older people,Other",
				"cs_heat_vulnerable_other" : "Street homeless",
				"cs_indoor_site_id" : 606,
				"cs_max_seating" : 50,
				"cs_name" : "The Woolwich Service Users Project",
				"cs_opening_hours" : "Mon: 10am - 3pm Tues: 10am - 2pm Sat: 10am - 2pm Closed on public holidays.",
				"cs_postcode" : "SE18 6BJ",
				"cs_toilets_available" : "available on site",
				"cs_wheelchair_access" : "yes",
				"has_drinking_water" : "Yes",
				"has_seating" : "Yes",
				"indoor_cooling_temp" : "cannot_guarantee_26c",
				"is_free_of_charge" : "Yes",
				"is_staffed_when_open" : "Yes",
				"org_name" : "Woolwich Service Users Project",
				"runtime" : 20250527,
				"Tier" : "Tier 2",
				"x" : 543593.48,
				"y" : 178569.88
			}
		},
		{
			"type" : "Feature",
			"geometry" : {
				"type" : "Point",
				"coordinates" : [ -0.1944099649, 51.5014129021 ]
			},
			"properties" : {
				"objectid" : 124,
				"Approve" : "Yes",
				"cs_address_one" : "12 Phillimore Walk",
				"cs_address_two" : "London",
				"cs_borough" : "Kensington and Chelsea",
				"cs_cooling_facilities" : "Natural cooling/ventilation",
				"cs_cooling_facilities_other" : null,
				"cs_heat_vulnerable" : "Young children,Older people",
				"cs_heat_vulnerable_other" : null,
				"cs_indoor_site_id" : 607,
				"cs_max_seating" : 200,
				"cs_name" : "Kensington Central Library",
				"cs_opening_hours" : "Monday, Tuesday and Thursday - 9.30am to 8pm Wednesday, Friday, Saturday: 9.30am to 5pm Sunday: CLOSED",
				"cs_postcode" : "W8 7RX",
				"cs_toilets_available" : "available on site",
				"cs_wheelchair_access" : "yes",
				"has_drinking_water" : "Yes",
				"has_seating" : "Yes",
				"indoor_cooling_temp" : "cannot_guarantee_26c",
				"is_free_of_charge" : "Yes",
				"is_staffed_when_open" : "Yes",
				"org_name" : "Royal Borough of Kensington and Chelsea Libraries",
				"runtime" : 20250527,
				"Tier" : "Tier 1",
				"x" : 525421.08,
				"y" : 179597.99
			}
		},
		{
			"type" : "Feature",
			"geometry" : {
				"type" : "Point",
				"coordinates" : [ -0.168170559, 51.4874721213 ]
			},
			"properties" : {
				"objectid" : 125,
				"Approve" : "Yes",
				"cs_address_one" : "Old Town Hall King's Road",
				"cs_address_two" : "London",
				"cs_borough" : "Kensington and Chelsea",
				"cs_cooling_facilities" : "Air conditioning",
				"cs_cooling_facilities_other" : null,
				"cs_heat_vulnerable" : "Young children,Older people",
				"cs_heat_vulnerable_other" : null,
				"cs_indoor_site_id" : 608,
				"cs_max_seating" : 100,
				"cs_name" : "Chelsea Library",
				"cs_opening_hours" : "Monday, Tuesday & Thursday: 9.30am to 8pm Wednesday, Friday, Saturday: 9.30am to 5pm Sunday: CLOSED",
				"cs_postcode" : "SW3 5EE",
				"cs_toilets_available" : "available on site",
				"cs_wheelchair_access" : "yes",
				"has_drinking_water" : "Yes",
				"has_seating" : "Yes",
				"indoor_cooling_temp" : "26c_or_less",
				"is_free_of_charge" : "Yes",
				"is_staffed_when_open" : "Yes",
				"org_name" : "Royal Borough of Kensington and Chelsea Libraries",
				"runtime" : 20250527,
				"Tier" : "Tier 1",
				"x" : 527281,
				"y" : 178093
			}
		},
		{
			"type" : "Feature",
			"geometry" : {
				"type" : "Point",
				"coordinates" : [ -0.1884057462, 51.4900795696 ]
			},
			"properties" : {
				"objectid" : 126,
				"Approve" : "Yes",
				"cs_address_one" : "210 Old Brompton Road",
				"cs_address_two" : "London",
				"cs_borough" : "Kensington and Chelsea",
				"cs_cooling_facilities" : "Natural cooling/ventilation",
				"cs_cooling_facilities_other" : null,
				"cs_heat_vulnerable" : "Young children,Older people",
				"cs_heat_vulnerable_other" : null,
				"cs_indoor_site_id" : 609,
				"cs_max_seating" : 30,
				"cs_name" : "Brompton Library",
				"cs_opening_hours" : "Monday, Tuesday & Thursday: 9.30am to 8pm Wednesday, Friday, Saturday: 9.30am to 5pm Sunday: CLOSED",
				"cs_postcode" : "SW5 0BS",
				"cs_toilets_available" : "available on site",
				"cs_wheelchair_access" : "yes",
				"has_drinking_water" : "Yes",
				"has_seating" : "Yes",
				"indoor_cooling_temp" : "cannot_guarantee_26c",
				"is_free_of_charge" : "Yes",
				"is_staffed_when_open" : "Yes",
				"org_name" : "Royal Borough of Kensington and Chelsea Libraries",
				"runtime" : 20250527,
				"Tier" : "Tier 1",
				"x" : 525869,
				"y" : 178348
			}
		},
		{
			"type" : "Feature",
			"geometry" : {
				"type" : "Point",
				"coordinates" : [ -0.1669140156, 51.454485425 ]
			},
			"properties" : {
				"objectid" : 127,
				"Approve" : "Yes",
				"cs_address_one" : "Cobham Close",
				"cs_address_two" : null,
				"cs_borough" : "Wandsworth",
				"cs_cooling_facilities" : "Natural cooling/ventilation",
				"cs_cooling_facilities_other" : null,
				"cs_heat_vulnerable" : "Young children,Older people,Pregnant women",
				"cs_heat_vulnerable_other" : null,
				"cs_indoor_site_id" : 610,
				"cs_max_seating" : 50,
				"cs_name" : "St Michael's Wandsworth Common",
				"cs_opening_hours" : "School term times: Sunday 9.30-12 Monday 11.30-3.30 Tuesday 11.30-3.30 Wednesdays 11.30-3.30 Thursday closed Friday Closed Saturday Closed School Holidays: Sunday 9.30-12",
				"cs_postcode" : "SW11 6SP",
				"cs_toilets_available" : "available on site",
				"cs_wheelchair_access" : "yes",
				"has_drinking_water" : "Yes",
				"has_seating" : "Yes",
				"indoor_cooling_temp" : "26c_or_less",
				"is_free_of_charge" : "Yes",
				"is_staffed_when_open" : "Yes",
				"org_name" : "St Michael's Wandsworth Common",
				"runtime" : 20250527,
				"Tier" : "Tier 2",
				"x" : 527460,
				"y" : 174427
			}
		},
		{
			"type" : "Feature",
			"geometry" : {
				"type" : "Point",
				"coordinates" : [ -0.2092009734, 51.5166664463 ]
			},
			"properties" : {
				"objectid" : 128,
				"Approve" : "Yes",
				"cs_address_one" : "108 Ladbroke Grove",
				"cs_address_two" : "London",
				"cs_borough" : "Kensington and Chelsea",
				"cs_cooling_facilities" : "Natural cooling/ventilation",
				"cs_cooling_facilities_other" : null,
				"cs_heat_vulnerable" : "Young children,Older people",
				"cs_heat_vulnerable_other" : null,
				"cs_indoor_site_id" : 611,
				"cs_max_seating" : 35,
				"cs_name" : "North Kensington Library",
				"cs_opening_hours" : "Mondays, Tuesdays and Thursdays: 9.30am to 8pm Wednesdays 10am to 5pm Fridays and Saturdays: 9.30am to 5pm Sundays: CLOSED",
				"cs_postcode" : "W11 1PZ",
				"cs_toilets_available" : "short walk and signposted from the site",
				"cs_wheelchair_access" : "yes",
				"has_drinking_water" : "Yes",
				"has_seating" : "Yes",
				"indoor_cooling_temp" : "cannot_guarantee_26c",
				"is_free_of_charge" : "Yes",
				"is_staffed_when_open" : "Yes",
				"org_name" : "Royal Borough of Kensington and Chelsea Libraries",
				"runtime" : 20250527,
				"Tier" : "Tier 1",
				"x" : 524353,
				"y" : 181269
			}
		},
		{
			"type" : "Feature",
			"geometry" : {
				"type" : "Point",
				"coordinates" : [ -0.20685788, 51.5238427384 ]
			},
			"properties" : {
				"objectid" : 129,
				"Approve" : "Yes",
				"cs_address_one" : "20 Golborne Rd",
				"cs_address_two" : "London",
				"cs_borough" : "Kensington and Chelsea",
				"cs_cooling_facilities" : "Natural cooling/ventilation",
				"cs_cooling_facilities_other" : null,
				"cs_heat_vulnerable" : null,
				"cs_heat_vulnerable_other" : null,
				"cs_indoor_site_id" : 612,
				"cs_max_seating" : 15,
				"cs_name" : "Kensal Library",
				"cs_opening_hours" : "Mondays: 1pm to 6pm Tuesdays: 1pm to 6pm Wednesdays: Closed  Thursdays: 1pm to 6pm Fridays: 9.30am to 5pm  Saturdays: 9.30am to 5pm (closed for 1 hour at 1pm)",
				"cs_postcode" : "W10 5PF",
				"cs_toilets_available" : "available on site",
				"cs_wheelchair_access" : "yes",
				"has_drinking_water" : "Yes",
				"has_seating" : "Yes",
				"indoor_cooling_temp" : "cannot_guarantee_26c",
				"is_free_of_charge" : "Yes",
				"is_staffed_when_open" : "Yes",
				"org_name" : "RBKC Libraries",
				"runtime" : 20250527,
				"Tier" : "Tier 2",
				"x" : 524496,
				"y" : 182071
			}
		},
		{
			"type" : "Feature",
			"geometry" : {
				"type" : "Point",
				"coordinates" : [ -0.1927013214, 51.4528262197 ]
			},
			"properties" : {
				"objectid" : 130,
				"Approve" : "Yes",
				"cs_address_one" : "Mapleton Road",
				"cs_address_two" : null,
				"cs_borough" : "Wandsworth",
				"cs_cooling_facilities" : "Air conditioning",
				"cs_cooling_facilities_other" : null,
				"cs_heat_vulnerable" : "Young children,Older people,Pregnant women",
				"cs_heat_vulnerable_other" : null,
				"cs_indoor_site_id" : 613,
				"cs_max_seating" : 30,
				"cs_name" : "Wandle Recreation Centre",
				"cs_opening_hours" : "Monday, Tuesday, Thursday - 8:00 till 22:00 Wednesday & Friday - 8:00 till 22:30 Saturday - 8:30 till 17:00 Sunday - 8:30 till 22:00",
				"cs_postcode" : "SW18 4DN",
				"cs_toilets_available" : "available on site",
				"cs_wheelchair_access" : "yes",
				"has_drinking_water" : "Yes",
				"has_seating" : "Yes",
				"indoor_cooling_temp" : "26c_or_less",
				"is_free_of_charge" : "Yes",
				"is_staffed_when_open" : "Yes",
				"org_name" : "Places Leisure",
				"runtime" : 20250527,
				"Tier" : "Tier 1",
				"x" : 525673,
				"y" : 174198
			}
		},
		{
			"type" : "Feature",
			"geometry" : {
				"type" : "Point",
				"coordinates" : [ -0.243952981, 51.4495040619 ]
			},
			"properties" : {
				"objectid" : 131,
				"Approve" : "Yes",
				"cs_address_one" : "Laverstoke Garden",
				"cs_address_two" : null,
				"cs_borough" : "Wandsworth",
				"cs_cooling_facilities" : "Air conditioning",
				"cs_cooling_facilities_other" : null,
				"cs_heat_vulnerable" : "Young children,Older people,Pregnant women",
				"cs_heat_vulnerable_other" : null,
				"cs_indoor_site_id" : 614,
				"cs_max_seating" : 15,
				"cs_name" : "Roehampton Sport and Fitness Centre",
				"cs_opening_hours" : "Monday to Friday - 7:00 till 22:00 Saturday & Sunday - 8:00 till 17:00",
				"cs_postcode" : "SW15 4JB",
				"cs_toilets_available" : "available on site",
				"cs_wheelchair_access" : "yes",
				"has_drinking_water" : "Yes",
				"has_seating" : "Yes",
				"indoor_cooling_temp" : "26c_or_less",
				"is_free_of_charge" : "Yes",
				"is_staffed_when_open" : "Yes",
				"org_name" : "Places Leisure",
				"runtime" : 20250527,
				"Tier" : "Tier 1",
				"x" : 522121,
				"y" : 173742
			}
		},
		{
			"type" : "Feature",
			"geometry" : {
				"type" : "Point",
				"coordinates" : [ -0.3241111927, 51.4292123406 ]
			},
			"properties" : {
				"objectid" : 132,
				"Approve" : "Yes",
				"cs_address_one" : "Ferry Road",
				"cs_address_two" : null,
				"cs_borough" : "Richmond upon Thames",
				"cs_cooling_facilities" : "Natural cooling/ventilation",
				"cs_cooling_facilities_other" : null,
				"cs_heat_vulnerable" : "Young children,Older people,Pregnant women",
				"cs_heat_vulnerable_other" : null,
				"cs_indoor_site_id" : 615,
				"cs_max_seating" : 200,
				"cs_name" : "Landmark Arts Centre",
				"cs_opening_hours" : "Mon - Fri 9:30am - 4:00pm",
				"cs_postcode" : "TW11 9NN",
				"cs_toilets_available" : "available on site",
				"cs_wheelchair_access" : "yes",
				"has_drinking_water" : "Yes",
				"has_seating" : "Yes",
				"indoor_cooling_temp" : "26c_or_less",
				"is_free_of_charge" : "Yes",
				"is_staffed_when_open" : "Yes",
				"org_name" : "Landmark Arts Centre",
				"runtime" : 20250527,
				"Tier" : "Tier 2",
				"x" : 516603,
				"y" : 171355
			}
		},
		{
			"type" : "Feature",
			"geometry" : {
				"type" : "Point",
				"coordinates" : [ -0.1543910413, 51.4743845631 ]
			},
			"properties" : {
				"objectid" : 133,
				"Approve" : "Yes",
				"cs_address_one" : "309 Battersea Park Road",
				"cs_address_two" : null,
				"cs_borough" : "Wandsworth",
				"cs_cooling_facilities" : "Stand up fans,Ceiling fans",
				"cs_cooling_facilities_other" : null,
				"cs_heat_vulnerable" : null,
				"cs_heat_vulnerable_other" : null,
				"cs_indoor_site_id" : 616,
				"cs_max_seating" : 20,
				"cs_name" : "Battersea Park Library",
				"cs_opening_hours" : "monday, tuesday; 9-7 friday; 9-5 saturday; 9:30-2:30",
				"cs_postcode" : "SW11 4NF",
				"cs_toilets_available" : "available on site",
				"cs_wheelchair_access" : "yes",
				"has_drinking_water" : "Yes",
				"has_seating" : "Yes",
				"indoor_cooling_temp" : "26c_or_less",
				"is_free_of_charge" : "Yes",
				"is_staffed_when_open" : "Yes",
				"org_name" : "Battersea park Library, GLL",
				"runtime" : 20250527,
				"Tier" : "Tier 2",
				"x" : 528274.3,
				"y" : 176661.66
			}
		},
		{
			"type" : "Feature",
			"geometry" : {
				"type" : "Point",
				"coordinates" : [ -0.2139659915, 51.5028185037 ]
			},
			"properties" : {
				"objectid" : 134,
				"Approve" : "Yes",
				"cs_address_one" : "Holland Road",
				"cs_address_two" : null,
				"cs_borough" : "Kensington and Chelsea",
				"cs_cooling_facilities" : "Natural cooling/ventilation,Other",
				"cs_cooling_facilities_other" : "Our stone vault and high (17m) ceilings make us a naturally cooled venue.  We are always much cooler than outside temperatures.",
				"cs_heat_vulnerable" : "Young children,Older people,Pregnant women,Other",
				"cs_heat_vulnerable_other" : "Everyone is welcome regardless of faith, orientation, age or background.",
				"cs_indoor_site_id" : 617,
				"cs_max_seating" : 500,
				"cs_name" : "St John the Baptist, Holland Road",
				"cs_opening_hours" : "Core hours are: Monday-Friday 15:00-17:00 Saturday 09:00-12:00 Sunday 17:00-20:00 we're also open lots of other times too - if the door's open everyone is welcome. Closed bank holidays.",
				"cs_postcode" : "W14 8AH",
				"cs_toilets_available" : "available on site",
				"cs_wheelchair_access" : "yes",
				"has_drinking_water" : "Yes",
				"has_seating" : "Yes",
				"indoor_cooling_temp" : "cannot_guarantee_26c",
				"is_free_of_charge" : "Yes",
				"is_staffed_when_open" : "Yes",
				"org_name" : "St John the Baptist, Holland Road",
				"runtime" : 20250527,
				"Tier" : "Tier 2",
				"x" : 524060,
				"y" : 179721
			}
		},
		{
			"type" : "Feature",
			"geometry" : {
				"type" : "Point",
				"coordinates" : [ -0.1295200445, 51.5311871941 ]
			},
			"properties" : {
				"objectid" : 135,
				"Approve" : "Yes",
				"cs_address_one" : "2 Ossulston Street",
				"cs_address_two" : "London",
				"cs_borough" : "Camden",
				"cs_cooling_facilities" : "Air conditioning",
				"cs_cooling_facilities_other" : null,
				"cs_heat_vulnerable" : "Young children,Older people,Pregnant women",
				"cs_heat_vulnerable_other" : null,
				"cs_indoor_site_id" : 618,
				"cs_max_seating" : 15,
				"cs_name" : "The St Pancras and Somers Town Living Centre",
				"cs_opening_hours" : "9am to 5pm Monday to Friday.  Saturday and Sunday vary",
				"cs_postcode" : "NW1 1DF",
				"cs_toilets_available" : "available on site",
				"cs_wheelchair_access" : "yes",
				"has_drinking_water" : "Yes",
				"has_seating" : "Yes",
				"indoor_cooling_temp" : "26c_or_less",
				"is_free_of_charge" : "Yes",
				"is_staffed_when_open" : "Yes",
				"org_name" : "Somers Town Community Association",
				"runtime" : 20250527,
				"Tier" : "Tier 1",
				"x" : 529840,
				"y" : 183022
			}
		},
		{
			"type" : "Feature",
			"geometry" : {
				"type" : "Point",
				"coordinates" : [ -0.130595984, 51.5320226797 ]
			},
			"properties" : {
				"objectid" : 136,
				"Approve" : "Yes",
				"cs_address_one" : "150 Ossulston Street",
				"cs_address_two" : "London",
				"cs_borough" : "Camden",
				"cs_cooling_facilities" : null,
				"cs_cooling_facilities_other" : null,
				"cs_heat_vulnerable" : "Young children,Older people,Pregnant women",
				"cs_heat_vulnerable_other" : null,
				"cs_indoor_site_id" : 619,
				"cs_max_seating" : 15,
				"cs_name" : "Somers Town Community Centre",
				"cs_opening_hours" : "9am to 5pm Monday to Friday.  Saturday and Sunday vary",
				"cs_postcode" : "NW1 1EE",
				"cs_toilets_available" : "available on site",
				"cs_wheelchair_access" : "yes",
				"has_drinking_water" : "Yes",
				"has_seating" : "Yes",
				"indoor_cooling_temp" : "cannot_guarantee_26c",
				"is_free_of_charge" : "Yes",
				"is_staffed_when_open" : "Yes",
				"org_name" : "Somers Town Community Association",
				"runtime" : 20250527,
				"Tier" : "Tier 1",
				"x" : 529763,
				"y" : 183113
			}
		},
		{
			"type" : "Feature",
			"geometry" : {
				"type" : "Point",
				"coordinates" : [ -0.2110567863, 51.5233803293 ]
			},
			"properties" : {
				"objectid" : 137,
				"Approve" : "Yes",
				"cs_address_one" : "103a Wornington Road",
				"cs_address_two" : "Faraday House",
				"cs_borough" : "Kensington and Chelsea",
				"cs_cooling_facilities" : "Natural cooling/ventilation",
				"cs_cooling_facilities_other" : null,
				"cs_heat_vulnerable" : "Young children,Older people,Pregnant women",
				"cs_heat_vulnerable_other" : null,
				"cs_indoor_site_id" : 621,
				"cs_max_seating" : 40,
				"cs_name" : "Venture Centre",
				"cs_opening_hours" : "Monday - Friday 10.00am -7.00pm Saturday - 10.00am - 4.00pm  Sunday - 12.00pm - 3.00pm  Bank holidays - open (closed August bank Holiday only)",
				"cs_postcode" : "W10 5YB",
				"cs_toilets_available" : "available on site",
				"cs_wheelchair_access" : "yes",
				"has_drinking_water" : "Yes",
				"has_seating" : "Yes",
				"indoor_cooling_temp" : "26c_or_less",
				"is_free_of_charge" : "Yes",
				"is_staffed_when_open" : "Yes",
				"org_name" : "Venture Community Association",
				"runtime" : 20250527,
				"Tier" : "Tier 1",
				"x" : 524205.98,
				"y" : 182012.45
			}
		},
		{
			"type" : "Feature",
			"geometry" : {
				"type" : "Point",
				"coordinates" : [ -0.1784408893, 51.4813192717 ]
			},
			"properties" : {
				"objectid" : 138,
				"Approve" : "Yes",
				"cs_address_one" : "Worlds End Estate",
				"cs_address_two" : "Blantyre Street",
				"cs_borough" : "Kensington and Chelsea",
				"cs_cooling_facilities" : "Ceiling fans,Natural cooling/ventilation",
				"cs_cooling_facilities_other" : null,
				"cs_heat_vulnerable" : "Young children,Older people,Pregnant women",
				"cs_heat_vulnerable_other" : null,
				"cs_indoor_site_id" : 622,
				"cs_max_seating" : 50,
				"cs_name" : "Flashpoint Centre",
				"cs_opening_hours" : "Monday  - Friday 10.00am - 2.00pm",
				"cs_postcode" : "SW10 0DS",
				"cs_toilets_available" : "available on site",
				"cs_wheelchair_access" : "yes",
				"has_drinking_water" : "Yes",
				"has_seating" : "Yes",
				"indoor_cooling_temp" : "26c_or_less",
				"is_free_of_charge" : "Yes",
				"is_staffed_when_open" : "Yes",
				"org_name" : "Venture Community Association",
				"runtime" : 20250527,
				"Tier" : "Tier 2",
				"x" : 526585,
				"y" : 177391
			}
		},
		{
			"type" : "Feature",
			"geometry" : {
				"type" : "Point",
				"coordinates" : [ -0.0954582376, 51.5222150064 ]
			},
			"properties" : {
				"objectid" : 237,
				"Approve" : "Yes",
				"cs_address_one" : "Golden Lane Estate, Fann Street",
				"cs_address_two" : "London",
				"cs_borough" : "City of London",
				"cs_cooling_facilities" : "Natural cooling/ventilation",
				"cs_cooling_facilities_other" : null,
				"cs_heat_vulnerable" : null,
				"cs_heat_vulnerable_other" : null,
				"cs_indoor_site_id" : 652,
				"cs_max_seating" : 12,
				"cs_name" : "Golden Lane Community Centre",
				"cs_opening_hours" : "Mon-Friday   10am to 4pm Closed weekends and public holidays",
				"cs_postcode" : "EC1Y 0SA",
				"cs_toilets_available" : "available on site",
				"cs_wheelchair_access" : "yes",
				"has_drinking_water" : "yes",
				"has_seating" : "yes",
				"indoor_cooling_temp" : "cannot_guarantee_26c",
				"is_free_of_charge" : "yes",
				"is_staffed_when_open" : "yes",
				"org_name" : "City of London Corporation",
				"runtime" : 20250619,
				"Tier" : "Tier 1",
				"x" : 532228.4378000004,
				"y" : 182085.2276000008
			}
		},
		{
			"type" : "Feature",
			"geometry" : {
				"type" : "Point",
				"coordinates" : [ -0.1950160527, 51.3432930204 ]
			},
			"properties" : {
				"objectid" : 239,
				"Approve" : "Yes",
				"cs_address_one" : "63 Downs Road",
				"cs_address_two" : null,
				"cs_borough" : "Sutton",
				"cs_cooling_facilities" : "Stand up fans,Natural cooling/ventilation",
				"cs_cooling_facilities_other" : null,
				"cs_heat_vulnerable" : "Older people,Other",
				"cs_heat_vulnerable_other" : "People with mental health problems (esp. those on medication)  Over 18s only.",
				"cs_indoor_site_id" : 655,
				"cs_max_seating" : 20,
				"cs_name" : "Sutton Mental Health Foundation",
				"cs_opening_hours" : "Mon 12.30 - 3 Tues 11 - 2.30 Thurs & Fri 10.30 - 2.30Closed weekends & public holidays",
				"cs_postcode" : "SM2 5NR",
				"cs_toilets_available" : "available on site",
				"cs_wheelchair_access" : "yes",
				"has_drinking_water" : "yes",
				"has_seating" : "yes",
				"indoor_cooling_temp" : "cannot_guarantee_26c",
				"is_free_of_charge" : "yes",
				"is_staffed_when_open" : "yes",
				"org_name" : "Sutton Mental Health Foundation",
				"runtime" : 20250619,
				"Tier" : "Tier 2",
				"x" : 525812.0481000002,
				"y" : 162013.85639999993
			}
		},
		{
			"type" : "Feature",
			"geometry" : {
				"type" : "Point",
				"coordinates" : [ -0.1314699647, 51.3997302054 ]
			},
			"properties" : {
				"objectid" : 238,
				"Approve" : "Yes",
				"cs_address_one" : "South Lodge Avenue",
				"cs_address_two" : "Pollards Hill",
				"cs_borough" : "Merton",
				"cs_cooling_facilities" : "Stand up fans,Natural cooling/ventilation",
				"cs_cooling_facilities_other" : null,
				"cs_heat_vulnerable" : "Young children,Older people,Pregnant women",
				"cs_heat_vulnerable_other" : null,
				"cs_indoor_site_id" : 654,
				"cs_max_seating" : 40,
				"cs_name" : "New Horizon Centre",
				"cs_opening_hours" : "Monday - Friday 9.15 - 4pm Saturday and Sunday - varies please",
				"cs_postcode" : "CR4 1LT",
				"cs_toilets_available" : "available on site",
				"cs_wheelchair_access" : "yes",
				"has_drinking_water" : "yes",
				"has_seating" : "yes",
				"indoor_cooling_temp" : "cannot_guarantee_26c",
				"is_free_of_charge" : "yes",
				"is_staffed_when_open" : "yes",
				"org_name" : "Commonside Community Development Trust",
				"runtime" : 20250619,
				"Tier" : "Tier 2",
				"x" : 530077.7196000004,
				"y" : 168400.4271000009
			}
		},
		{
			"type" : "Feature",
			"geometry" : {
				"type" : "Point",
				"coordinates" : [ -0.1650834319, 51.5288171688 ]
			},
			"properties" : {
				"objectid" : 258,
				"Approve" : "Yes",
				"cs_address_one" : "146 Park Road",
				"cs_address_two" : null,
				"cs_borough" : "Westminster",
				"cs_cooling_facilities" : "Air conditioning,Stand up fans,Natural cooling/ventilation",
				"cs_cooling_facilities_other" : null,
				"cs_heat_vulnerable" : "Young children,Older people,Pregnant women",
				"cs_heat_vulnerable_other" : null,
				"cs_indoor_site_id" : 673,
				"cs_max_seating" : 50,
				"cs_name" : "London Central Mosque",
				"cs_opening_hours" : "Mon - Sun 10am - 9pm",
				"cs_postcode" : "NW8 7RG",
				"cs_toilets_available" : "available on site",
				"cs_wheelchair_access" : "yes",
				"has_drinking_water" : "yes",
				"has_seating" : "yes",
				"indoor_cooling_temp" : "cannot_guarantee_26c",
				"is_free_of_charge" : "yes",
				"is_staffed_when_open" : "yes",
				"org_name" : "London Central Mosque & Islamic Cultural Centre",
				"runtime" : 20250701,
				"Tier" : "Tier 1",
				"x" : 527380,
				"y" : 182696
			}
		},
		{
			"type" : "Feature",
			"geometry" : {
				"type" : "Point",
				"coordinates" : [ -0.1025241324, 51.516760969 ]
			},
			"properties" : {
				"objectid" : 260,
				"Approve" : "Yes",
				"cs_address_one" : "Holborn viaduct",
				"cs_address_two" : "London",
				"cs_borough" : "City of London",
				"cs_cooling_facilities" : "Natural cooling/ventilation",
				"cs_cooling_facilities_other" : null,
				"cs_heat_vulnerable" : "Young children,Older people,Pregnant women,Other",
				"cs_heat_vulnerable_other" : "Dementia and other neurological Condition friendly",
				"cs_indoor_site_id" : 676,
				"cs_max_seating" : 250,
				"cs_name" : "Holy Sepulchre Church",
				"cs_opening_hours" : "Monday - 11am to 3pm Tuesday - 8:30am to 2.30pm Wednesday - 8:30am to 6.30pm Thursday 8:30am to 2.30pm Friday - 10am to 3pm Saturday (see website) Sundays 10-4",
				"cs_postcode" : "EC1A2DQ",
				"cs_toilets_available" : "available on site",
				"cs_wheelchair_access" : "yes",
				"has_drinking_water" : "yes",
				"has_seating" : "yes",
				"indoor_cooling_temp" : "26c_or_less",
				"is_free_of_charge" : "yes",
				"is_staffed_when_open" : "yes",
				"org_name" : "Holy sepulchre",
				"runtime" : 20250701,
				"Tier" : "Tier 2",
				"x" : 531754,
				"y" : 181466
			}
		},
		{
			"type" : "Feature",
			"geometry" : {
				"type" : "Point",
				"coordinates" : [ -0.0745963424, 51.5138955414 ]
			},
			"properties" : {
				"objectid" : 257,
				"Approve" : "Yes",
				"cs_address_one" : "20 LIttle Somerset Street",
				"cs_address_two" : "London",
				"cs_borough" : "City of London",
				"cs_cooling_facilities" : "Air conditioning",
				"cs_cooling_facilities_other" : null,
				"cs_heat_vulnerable" : null,
				"cs_heat_vulnerable_other" : null,
				"cs_indoor_site_id" : 675,
				"cs_max_seating" : 7,
				"cs_name" : "Portsoken Community Centre",
				"cs_opening_hours" : "Monday to Friday 10am to 4pm  Not open weekends or bank holidays",
				"cs_postcode" : "E1 8AH",
				"cs_toilets_available" : "available on site",
				"cs_wheelchair_access" : "yes",
				"has_drinking_water" : "yes",
				"has_seating" : "yes",
				"indoor_cooling_temp" : "26c_or_less",
				"is_free_of_charge" : "yes",
				"is_staffed_when_open" : "yes",
				"org_name" : "City of London Corporation",
				"runtime" : 20250701,
				"Tier" : "Tier 2",
				"x" : 533700,
				"y" : 181198
			}
		},
		{
			"type" : "Feature",
			"geometry" : {
				"type" : "Point",
				"coordinates" : [ -0.0307493892, 51.4899297902 ]
			},
			"properties" : {
				"objectid" : 261,
				"Approve" : "Yes",
				"cs_address_one" : "Deptford Royal Dockyard",
				"cs_address_two" : null,
				"cs_borough" : "Lewisham",
				"cs_cooling_facilities" : "Natural cooling/ventilation",
				"cs_cooling_facilities_other" : null,
				"cs_heat_vulnerable" : "Young children,Older people,Pregnant women",
				"cs_heat_vulnerable_other" : null,
				"cs_indoor_site_id" : 677,
				"cs_max_seating" : 30,
				"cs_name" : "Peppys Community Hub",
				"cs_opening_hours" : "Tuesday-Sunday 10.30am-4.30pm",
				"cs_postcode" : "SE83BA",
				"cs_toilets_available" : "available on site",
				"cs_wheelchair_access" : "yes",
				"has_drinking_water" : "yes",
				"has_seating" : "yes",
				"indoor_cooling_temp" : "26c_or_less",
				"is_free_of_charge" : "yes",
				"is_staffed_when_open" : "yes",
				"org_name" : "Peppys Community Hub",
				"runtime" : 20250701,
				"Tier" : "Tier 2",
				"x" : 536814,
				"y" : 178614
			}
		},
		{
			"type" : "Feature",
			"geometry" : {
				"type" : "Point",
				"coordinates" : [ -0.2884964918, 51.3790858572 ]
			},
			"properties" : {
				"objectid" : 266,
				"Approve" : "Yes",
				"cs_address_one" : "Tolworth Hospital,  Red Lion Road",
				"cs_address_two" : "Tolworth",
				"cs_borough" : "Kingston upon Thames",
				"cs_cooling_facilities" : "Air conditioning",
				"cs_cooling_facilities_other" : null,
				"cs_heat_vulnerable" : "Young children,Older people,Pregnant women",
				"cs_heat_vulnerable_other" : null,
				"cs_indoor_site_id" : 682,
				"cs_max_seating" : 30,
				"cs_name" : "The Red Lian Kitchen",
				"cs_opening_hours" : "Mon-Frid 8:30 am to 2:30pm Sat 8:00am to 12:30pm Sundays and Bank  Holidays Closed",
				"cs_postcode" : "KT6 7QU",
				"cs_toilets_available" : "short walk and signposted from the site",
				"cs_wheelchair_access" : "yes",
				"has_drinking_water" : "yes",
				"has_seating" : "yes",
				"indoor_cooling_temp" : "cannot_guarantee_26c",
				"is_free_of_charge" : "yes",
				"is_staffed_when_open" : "yes",
				"org_name" : "Medirest, Compass Group",
				"runtime" : 20250709,
				"Tier" : "Tier 2",
				"x" : 519208.82,
				"y" : 165838.08
			}
		},
		{
			"type" : "Feature",
			"geometry" : {
				"type" : "Point",
				"coordinates" : [ -0.0812883084, 51.5168739818 ]
			},
			"properties" : {
				"objectid" : 268,
				"Approve" : "Yes",
				"cs_address_one" : "Bishopsgate",
				"cs_address_two" : "London",
				"cs_borough" : "City of London",
				"cs_cooling_facilities" : "Natural cooling/ventilation,Other",
				"cs_cooling_facilities_other" : "Church has well insulated walls that in the summer keep the heat out",
				"cs_heat_vulnerable" : "Young children,Older people,Pregnant women",
				"cs_heat_vulnerable_other" : null,
				"cs_indoor_site_id" : 684,
				"cs_max_seating" : 250,
				"cs_name" : "St Botolph without Bishopsgate Church",
				"cs_opening_hours" : "Mon - Fri 7.30am - 5.30pm",
				"cs_postcode" : "EC2M 3TL",
				"cs_toilets_available" : "short walk and signposted from the site",
				"cs_wheelchair_access" : "yes",
				"has_drinking_water" : "yes",
				"has_seating" : "yes",
				"indoor_cooling_temp" : "cannot_guarantee_26c",
				"is_free_of_charge" : "yes",
				"is_staffed_when_open" : "yes",
				"org_name" : "St Botolph without Bishopsgate Church",
				"runtime" : 20250709,
				"Tier" : "Tier 1",
				"x" : 533227,
				"y" : 181517
			}
		},
		{
			"type" : "Feature",
			"geometry" : {
				"type" : "Point",
				"coordinates" : [ -0.1948993341, 51.3616287946 ]
			},
			"properties" : {
				"objectid" : 272,
				"Approve" : "Yes",
				"cs_address_one" : "St Nicholas Way, Sutton",
				"cs_address_two" : null,
				"cs_borough" : "Sutton",
				"cs_cooling_facilities" : "Other",
				"cs_cooling_facilities_other" : "A mix of fans and A/C across parts, but not all of the building",
				"cs_heat_vulnerable" : "Older people,Pregnant women",
				"cs_heat_vulnerable_other" : null,
				"cs_indoor_site_id" : 689,
				"cs_max_seating" : 30,
				"cs_name" : "Sutton Central Library",
				"cs_opening_hours" : "Monday-Saturday: 8am-9pm (staffed 9am-5pm) Sunday: 9am-6pm",
				"cs_postcode" : "SM1 1EA",
				"cs_toilets_available" : "available on site",
				"cs_wheelchair_access" : "yes",
				"has_drinking_water" : "yes",
				"has_seating" : "yes",
				"indoor_cooling_temp" : "cannot_guarantee_26c",
				"is_free_of_charge" : "yes",
				"is_staffed_when_open" : "yes",
				"org_name" : "Sutton Council's Cultural Services",
				"runtime" : 20250716,
				"Tier" : "Tier 1",
				"x" : 525770,
				"y" : 164053
			}
		},
		{
			"type" : "Feature",
			"geometry" : {
				"type" : "Point",
				"coordinates" : [ -0.1557718434, 51.367683291 ]
			},
			"properties" : {
				"objectid" : 274,
				"Approve" : "Yes",
				"cs_address_one" : "Westcroft Rd, Carshalton",
				"cs_address_two" : null,
				"cs_borough" : "Sutton",
				"cs_cooling_facilities" : "Other",
				"cs_cooling_facilities_other" : "A mix of fans and A/C across parts, but not all of the building",
				"cs_heat_vulnerable" : "Young children,Older people,Pregnant women",
				"cs_heat_vulnerable_other" : null,
				"cs_indoor_site_id" : 691,
				"cs_max_seating" : 10,
				"cs_name" : "Westcroft Leisure Centre",
				"cs_opening_hours" : "Monday-Friday: 6:30am-10:30pm Saturday & Sunday: 8am-8pm",
				"cs_postcode" : "SM5 2TG",
				"cs_toilets_available" : "available on site",
				"cs_wheelchair_access" : "yes",
				"has_drinking_water" : "yes",
				"has_seating" : "yes",
				"indoor_cooling_temp" : "cannot_guarantee_26c",
				"is_free_of_charge" : "yes",
				"is_staffed_when_open" : "yes",
				"org_name" : "Everyone Active",
				"runtime" : 20250716,
				"Tier" : "Tier 1",
				"x" : 528477,
				"y" : 164794
			}
		},
		{
			"type" : "Feature",
			"geometry" : {
				"type" : "Point",
				"coordinates" : [ -0.1813422051, 51.3836760825 ]
			},
			"properties" : {
				"objectid" : 275,
				"Approve" : "Yes",
				"cs_address_one" : "Middleton Rd, Carshalton",
				"cs_address_two" : null,
				"cs_borough" : "Sutton",
				"cs_cooling_facilities" : "Other",
				"cs_cooling_facilities_other" : "A mix of fans and A/C across parts, but not all of the building",
				"cs_heat_vulnerable" : "Young children,Older people,Pregnant women",
				"cs_heat_vulnerable_other" : null,
				"cs_indoor_site_id" : 692,
				"cs_max_seating" : 10,
				"cs_name" : "David Weir Leisure Centre",
				"cs_opening_hours" : "Monday-Friday: 7am-10pm Saturday & Sunday: 8am-6pm",
				"cs_postcode" : "SM5 1SL",
				"cs_toilets_available" : "available on site",
				"cs_wheelchair_access" : "yes",
				"has_drinking_water" : "yes",
				"has_seating" : "yes",
				"indoor_cooling_temp" : "cannot_guarantee_26c",
				"is_free_of_charge" : "yes",
				"is_staffed_when_open" : "yes",
				"org_name" : "Everyone Active",
				"runtime" : 20250716,
				"Tier" : "Tier 1",
				"x" : 526653,
				"y" : 166528
			}
		},
		{
			"type" : "Feature",
			"geometry" : {
				"type" : "Point",
				"coordinates" : [ -0.1332590369, 51.3532172268 ]
			},
			"properties" : {
				"objectid" : 273,
				"Approve" : "Yes",
				"cs_address_one" : "Mollison Dr, Wallington SM6 9NZ",
				"cs_address_two" : null,
				"cs_borough" : "Sutton",
				"cs_cooling_facilities" : "Other",
				"cs_cooling_facilities_other" : "A mix of fans and A/C across parts, but not all of the building",
				"cs_heat_vulnerable" : "Young children,Older people,Pregnant women",
				"cs_heat_vulnerable_other" : null,
				"cs_indoor_site_id" : 690,
				"cs_max_seating" : 20,
				"cs_name" : "Phoenix Leisure Centre",
				"cs_opening_hours" : "Monday-Friday: 7am-10pm Saturday & Sunday: 9am-6pm",
				"cs_postcode" : "SM6 9NZ",
				"cs_toilets_available" : "available on site",
				"cs_wheelchair_access" : "yes",
				"has_drinking_water" : "yes",
				"has_seating" : "yes",
				"indoor_cooling_temp" : "cannot_guarantee_26c",
				"is_free_of_charge" : "yes",
				"is_staffed_when_open" : "yes",
				"org_name" : "Everyone Active",
				"runtime" : 20250716,
				"Tier" : "Tier 1",
				"x" : 530085,
				"y" : 163225
			}
		},
		{
			"type" : "Feature",
			"geometry" : {
				"type" : "Point",
				"coordinates" : [ -0.1085497389, 51.5156982035 ]
			},
			"properties" : {
				"objectid" : 276,
				"Approve" : "Yes",
				"cs_address_one" : "15-17 New Square Street",
				"cs_address_two" : "Nevill Lane",
				"cs_borough" : "City of London",
				"cs_cooling_facilities" : "Air conditioning",
				"cs_cooling_facilities_other" : null,
				"cs_heat_vulnerable" : "Young children,Older people,Pregnant women",
				"cs_heat_vulnerable_other" : null,
				"cs_indoor_site_id" : 693,
				"cs_max_seating" : 50,
				"cs_name" : "Natural Kitchen",
				"cs_opening_hours" : "Monday - Friday 7:30am - 4:00pm Sat-Sun Closed",
				"cs_postcode" : "EC4A 3AP",
				"cs_toilets_available" : "available on site",
				"cs_wheelchair_access" : "yes",
				"has_drinking_water" : "yes",
				"has_seating" : "yes",
				"indoor_cooling_temp" : "26c_or_less",
				"is_free_of_charge" : "yes",
				"is_staffed_when_open" : "yes",
				"org_name" : "Natural Kitchen",
				"runtime" : 20250716,
				"Tier" : "Tier 2",
				"x" : 531339,
				"y" : 181337
			}
		},
		{
			"type" : "Feature",
			"geometry" : {
				"type" : "Point",
				"coordinates" : [ -0.0054041035, 51.5128379791 ]
			},
			"properties" : {
				"objectid" : 270,
				"Approve" : "Yes",
				"cs_address_one" : "18 Aberfeldy Square",
				"cs_address_two" : "London",
				"cs_borough" : "Tower Hamlets",
				"cs_cooling_facilities" : "Air conditioning",
				"cs_cooling_facilities_other" : null,
				"cs_heat_vulnerable" : "Young children,Older people,Pregnant women",
				"cs_heat_vulnerable_other" : null,
				"cs_indoor_site_id" : 687,
				"cs_max_seating" : 30,
				"cs_name" : "Feldy Centre",
				"cs_opening_hours" : "Monday - Friday 9 a.m. - 5 p.m.",
				"cs_postcode" : "E14 0XA",
				"cs_toilets_available" : "available on site",
				"cs_wheelchair_access" : "yes",
				"has_drinking_water" : "yes",
				"has_seating" : "yes",
				"indoor_cooling_temp" : "26c_or_less",
				"is_free_of_charge" : "yes",
				"is_staffed_when_open" : "yes",
				"org_name" : "Poplar HARCA",
				"runtime" : 20250716,
				"Tier" : "Tier 1",
				"x" : 538504,
				"y" : 181209
			}
		},
		{
			"type" : "Feature",
			"geometry" : {
				"type" : "Point",
				"coordinates" : [ -0.2001592051, 51.4998744047 ]
			},
			"properties" : {
				"objectid" : 271,
				"Approve" : "Yes",
				"cs_address_one" : "224-238 Kensington High St",
				"cs_address_two" : "London",
				"cs_borough" : "Kensington and Chelsea",
				"cs_cooling_facilities" : "Air conditioning",
				"cs_cooling_facilities_other" : null,
				"cs_heat_vulnerable" : "Young children,Older people",
				"cs_heat_vulnerable_other" : null,
				"cs_indoor_site_id" : 688,
				"cs_max_seating" : 50,
				"cs_name" : "the Design Museum",
				"cs_opening_hours" : "10:00 – 17:00 Monday to Thursday  10:00 – 18:00 Friday to Sunday",
				"cs_postcode" : "W8 6AG",
				"cs_toilets_available" : "available on site",
				"cs_wheelchair_access" : "yes",
				"has_drinking_water" : "yes",
				"has_seating" : "yes",
				"indoor_cooling_temp" : "cannot_guarantee_26c",
				"is_free_of_charge" : "yes",
				"is_staffed_when_open" : "yes",
				"org_name" : "the Design Museum",
				"runtime" : 20250716,
				"Tier" : "Tier 1",
				"x" : 525026.27,
				"y" : 179417.08
			}
		},
		{
			"type" : "Feature",
			"geometry" : {
				"type" : "Point",
				"coordinates" : [ -0.0807065868, 51.5039014744 ]
			},
			"properties" : {
				"objectid" : 269,
				"Approve" : "Yes",
				"cs_address_one" : "147 Tooley Street",
				"cs_address_two" : null,
				"cs_borough" : "Southwark",
				"cs_cooling_facilities" : "Air conditioning,Natural cooling/ventilation",
				"cs_cooling_facilities_other" : null,
				"cs_heat_vulnerable" : "Young children,Older people,Pregnant women",
				"cs_heat_vulnerable_other" : null,
				"cs_indoor_site_id" : 685,
				"cs_max_seating" : 40,
				"cs_name" : "Unicorn Theatre",
				"cs_opening_hours" : "Mon: Closed Tue-Thu: 11am-2pm  Fri-Sun: Closed",
				"cs_postcode" : "SE1 2HZ",
				"cs_toilets_available" : "available on site",
				"cs_wheelchair_access" : "yes",
				"has_drinking_water" : "yes",
				"has_seating" : "yes",
				"indoor_cooling_temp" : "cannot_guarantee_26c",
				"is_free_of_charge" : "yes",
				"is_staffed_when_open" : "yes",
				"org_name" : "Unicorn Theatre",
				"runtime" : 20250716,
				"Tier" : "Tier 2",
				"x" : 533305.21,
				"y" : 180075.5
			}
		},
		{
			"type" : "Feature",
			"geometry" : {
				"type" : "Point",
				"coordinates" : [ -0.0881262925, 51.5156997615 ]
			},
			"properties" : {
				"objectid" : 277,
				"Approve" : "Yes",
				"cs_address_one" : "1A Copthall Ave",
				"cs_address_two" : "Angel Court",
				"cs_borough" : "City of London",
				"cs_cooling_facilities" : "Air conditioning",
				"cs_cooling_facilities_other" : null,
				"cs_heat_vulnerable" : "Young children,Older people,Pregnant women",
				"cs_heat_vulnerable_other" : null,
				"cs_indoor_site_id" : 694,
				"cs_max_seating" : 50,
				"cs_name" : "Natural Kitchen",
				"cs_opening_hours" : "Mon - Thursday 8:00am - 10:00pm Friday 11:30am - 10:00pm Sat - Sunday Closed",
				"cs_postcode" : "EC2R 7BH",
				"cs_toilets_available" : "available on site",
				"cs_wheelchair_access" : "yes",
				"has_drinking_water" : "yes",
				"has_seating" : "yes",
				"indoor_cooling_temp" : "26c_or_less",
				"is_free_of_charge" : "yes",
				"is_staffed_when_open" : "yes",
				"org_name" : "Natural Kitchen",
				"runtime" : 20250716,
				"Tier" : "Tier 2",
				"x" : 532756,
				"y" : 181374
			}
		},
		{
			"type" : "Feature",
			"geometry" : {
				"type" : "Point",
				"coordinates" : [ -0.0784252847, 51.5208557939 ]
			},
			"properties" : {
				"objectid" : 278,
				"Approve" : "Yes",
				"cs_address_one" : "3 Norton Folgate",
				"cs_address_two" : null,
				"cs_borough" : "Tower Hamlets",
				"cs_cooling_facilities" : "Air conditioning",
				"cs_cooling_facilities_other" : null,
				"cs_heat_vulnerable" : "Young children,Older people,Pregnant women",
				"cs_heat_vulnerable_other" : null,
				"cs_indoor_site_id" : 695,
				"cs_max_seating" : 180,
				"cs_name" : "Art Play London",
				"cs_opening_hours" : "Mon-Sun: 11am to 10pm",
				"cs_postcode" : "E1 6DB",
				"cs_toilets_available" : "available on site",
				"cs_wheelchair_access" : "yes",
				"has_drinking_water" : "yes",
				"has_seating" : "yes",
				"indoor_cooling_temp" : "26c_or_less",
				"is_free_of_charge" : "yes",
				"is_staffed_when_open" : "yes",
				"org_name" : "Art Play London",
				"runtime" : 20250716,
				"Tier" : "Tier 2",
				"x" : 533414,
				"y" : 181965
			}
		},
		{
			"type" : "Feature",
			"geometry" : {
				"type" : "Point",
				"coordinates" : [ -0.3674743147, 51.4688052285 ]
			},
			"properties" : {
				"objectid" : 287,
				"Approve" : "Yes",
				"cs_address_one" : "Hounslow House",
				"cs_address_two" : "7 Bath Road",
				"cs_borough" : "Hounslow",
				"cs_cooling_facilities" : "Air conditioning",
				"cs_cooling_facilities_other" : null,
				"cs_heat_vulnerable" : "Young children,Older people,Pregnant women",
				"cs_heat_vulnerable_other" : null,
				"cs_indoor_site_id" : 704,
				"cs_max_seating" : 60,
				"cs_name" : "Hounslow House Community Hub and Library",
				"cs_opening_hours" : "Monday: 9:30am to 8pm Tuesday: 9:30am to 5:30pm Wednesday: 9:30am to 5:30pm Thursday: 9:30am to 8pm Friday: 9:30am to 5:30pm Saturday: 9:30am to 5:30pm Sunday: 11:30am to 4pm",
				"cs_postcode" : "TW3 3EB",
				"cs_toilets_available" : "available on site",
				"cs_wheelchair_access" : "yes",
				"has_drinking_water" : "yes",
				"has_seating" : "yes",
				"indoor_cooling_temp" : "26c_or_less",
				"is_free_of_charge" : "yes",
				"is_staffed_when_open" : "yes",
				"org_name" : "London Borough of Hounslow",
				"runtime" : 20250724,
				"Tier" : "Tier 1",
				"x" : 513490.48,
				"y" : 175689.89
			}
		},
		{
			"type" : "Feature",
			"geometry" : {
				"type" : "Point",
				"coordinates" : [ -0.4110705948, 51.4463632778 ]
			},
			"properties" : {
				"objectid" : 288,
				"Approve" : "Yes",
				"cs_address_one" : "210 The Centre, High Street",
				"cs_address_two" : "Feltham",
				"cs_borough" : "Hounslow",
				"cs_cooling_facilities" : "Air conditioning",
				"cs_cooling_facilities_other" : null,
				"cs_heat_vulnerable" : "Young children,Older people,Pregnant women",
				"cs_heat_vulnerable_other" : null,
				"cs_indoor_site_id" : 705,
				"cs_max_seating" : 30,
				"cs_name" : "Feltham Community Hub and Library",
				"cs_opening_hours" : "Monday: 9am to 8pm Tuesday: 9am to 5:30pm Wednesday: 9am to 5:30pm Thursday: 9am to 8pm Friday: 9am to 5:30pm Saturday: 9:30am to 5:30pm Sunday: Closed",
				"cs_postcode" : "TW13 4GU",
				"cs_toilets_available" : "available on site",
				"cs_wheelchair_access" : "yes",
				"has_drinking_water" : "yes",
				"has_seating" : "yes",
				"indoor_cooling_temp" : "26c_or_less",
				"is_free_of_charge" : "yes",
				"is_staffed_when_open" : "yes",
				"org_name" : "London Borough of Hounslow",
				"runtime" : 20250724,
				"Tier" : "Tier 1",
				"x" : 510516.6,
				"y" : 173127.6
			}
		},
		{
			"type" : "Feature",
			"geometry" : {
				"type" : "Point",
				"coordinates" : [ -0.1311127576, 51.4242620803 ]
			},
			"properties" : {
				"objectid" : 290,
				"Approve" : "Yes",
				"cs_address_one" : "390 Streatham High Road",
				"cs_address_two" : null,
				"cs_borough" : "Lambeth",
				"cs_cooling_facilities" : "Air conditioning,Natural cooling/ventilation",
				"cs_cooling_facilities_other" : null,
				"cs_heat_vulnerable" : "Young children,Older people,Pregnant women",
				"cs_heat_vulnerable_other" : null,
				"cs_indoor_site_id" : 707,
				"cs_max_seating" : 1,
				"cs_name" : "Streatham Ice Rink lobby",
				"cs_opening_hours" : "Mon - Fri: 11.30am - 4pm Sat - Sun: 11.45am - 5pm",
				"cs_postcode" : "SW16 6HX",
				"cs_toilets_available" : "available on site",
				"cs_wheelchair_access" : "yes",
				"has_drinking_water" : "yes",
				"has_seating" : "yes",
				"indoor_cooling_temp" : "26c_or_less",
				"is_free_of_charge" : "yes",
				"is_staffed_when_open" : "yes",
				"org_name" : "Lambeth Council",
				"runtime" : 20250724,
				"Tier" : "Tier 2",
				"x" : 530033,
				"y" : 171129
			}
		},
		{
			"type" : "Feature",
			"geometry" : {
				"type" : "Point",
				"coordinates" : [ -0.2460303061, 51.3806064881 ]
			},
			"properties" : {
				"objectid" : 283,
				"Approve" : "Yes",
				"cs_address_one" : "2 The Avenue, Worcester Park",
				"cs_address_two" : null,
				"cs_borough" : "Kingston upon Thames",
				"cs_cooling_facilities" : "Stand up fans,Natural cooling/ventilation",
				"cs_cooling_facilities_other" : null,
				"cs_heat_vulnerable" : "Young children,Older people,Pregnant women",
				"cs_heat_vulnerable_other" : null,
				"cs_indoor_site_id" : 700,
				"cs_max_seating" : 60,
				"cs_name" : "Worcester Park Baptist Church Hub Cafe",
				"cs_opening_hours" : "Mon/ Tues/ Wed 10am to 2pm",
				"cs_postcode" : "KT4 7EW",
				"cs_toilets_available" : "available on site",
				"cs_wheelchair_access" : "yes",
				"has_drinking_water" : "yes",
				"has_seating" : "yes",
				"indoor_cooling_temp" : "cannot_guarantee_26c",
				"is_free_of_charge" : "yes",
				"is_staffed_when_open" : "yes",
				"org_name" : "Worcester Park Baptist Church",
				"runtime" : 20250724,
				"Tier" : "Tier 2",
				"x" : 522160,
				"y" : 166077
			}
		},
		{
			"type" : "Feature",
			"geometry" : {
				"type" : "Point",
				"coordinates" : [ -0.1737754897, 51.3629199686 ]
			},
			"properties" : {
				"objectid" : 286,
				"Approve" : "Yes",
				"cs_address_one" : "River Church Sutton",
				"cs_address_two" : "320 Carshalton Rd",
				"cs_borough" : "Sutton",
				"cs_cooling_facilities" : "Stand up fans",
				"cs_cooling_facilities_other" : null,
				"cs_heat_vulnerable" : null,
				"cs_heat_vulnerable_other" : null,
				"cs_indoor_site_id" : 703,
				"cs_max_seating" : 25,
				"cs_name" : "The Well Coffee Lounge",
				"cs_opening_hours" : "Mon 12pm - 3pm, Wed 10am - 2pm",
				"cs_postcode" : "SM5 3QB",
				"cs_toilets_available" : "available on site",
				"cs_wheelchair_access" : "yes",
				"has_drinking_water" : "yes",
				"has_seating" : "yes",
				"indoor_cooling_temp" : "cannot_guarantee_26c",
				"is_free_of_charge" : "yes",
				"is_staffed_when_open" : "yes",
				"org_name" : "The Well Coffee Lounge",
				"runtime" : 20250724,
				"Tier" : "Tier 2",
				"x" : 527237,
				"y" : 164233
			}
		},
		{
			"type" : "Feature",
			"geometry" : {
				"type" : "Point",
				"coordinates" : [ -0.0769583059, 51.5118839924 ]
			},
			"properties" : {
				"objectid" : 285,
				"Approve" : "Yes",
				"cs_address_one" : "12 Jewry Street",
				"cs_address_two" : null,
				"cs_borough" : "City of London",
				"cs_cooling_facilities" : "Natural cooling/ventilation",
				"cs_cooling_facilities_other" : null,
				"cs_heat_vulnerable" : "Young children,Older people",
				"cs_heat_vulnerable_other" : null,
				"cs_indoor_site_id" : 702,
				"cs_max_seating" : 30,
				"cs_name" : "City Wall at Vine Street museum",
				"cs_opening_hours" : "Mon-Sun 10-5pm Closed Bank Holidays",
				"cs_postcode" : "EC3N 2HT",
				"cs_toilets_available" : "available on site",
				"cs_wheelchair_access" : "yes",
				"has_drinking_water" : "yes",
				"has_seating" : "yes",
				"indoor_cooling_temp" : "cannot_guarantee_26c",
				"is_free_of_charge" : "yes",
				"is_staffed_when_open" : "yes",
				"org_name" : "Urbanest",
				"runtime" : 20250724,
				"Tier" : "Tier 1",
				"x" : 533542,
				"y" : 180970
			}
		},
		{
			"type" : "Feature",
			"geometry" : {
				"type" : "Point",
				"coordinates" : [ -0.1083279814, 51.4960094607 ]
			},
			"properties" : {
				"objectid" : 284,
				"Approve" : "Yes",
				"cs_address_one" : "Lambeth Road",
				"cs_address_two" : null,
				"cs_borough" : "Southwark",
				"cs_cooling_facilities" : "Air conditioning,Other",
				"cs_cooling_facilities_other" : "Most Gallery spaces are air conditioned. Atrium and terraced spaces are not- but are in the shade so cooler than the outside.",
				"cs_heat_vulnerable" : "Other",
				"cs_heat_vulnerable_other" : "Fully accessible. Also have a Changing Places Toilet.",
				"cs_indoor_site_id" : 701,
				"cs_max_seating" : 50,
				"cs_name" : "Imperial War Museum",
				"cs_opening_hours" : "Mon-Sun 10-6. last entry at 5:30.",
				"cs_postcode" : "SE1 6HZ",
				"cs_toilets_available" : "available on site",
				"cs_wheelchair_access" : "yes",
				"has_drinking_water" : "yes",
				"has_seating" : "yes",
				"indoor_cooling_temp" : "cannot_guarantee_26c",
				"is_free_of_charge" : "yes",
				"is_staffed_when_open" : "yes",
				"org_name" : "Imperial War Museum",
				"runtime" : 20250724,
				"Tier" : "Tier 1",
				"x" : 531411,
				"y" : 179148
			}
		},
		{
			"type" : "Feature",
			"geometry" : {
				"type" : "Point",
				"coordinates" : [ -0.3896764928, 51.4408264503 ]
			},
			"properties" : {
				"objectid" : 289,
				"Approve" : "Yes",
				"cs_address_one" : "Uxbridge Road",
				"cs_address_two" : "Hanworth",
				"cs_borough" : "Hounslow",
				"cs_cooling_facilities" : "Air conditioning",
				"cs_cooling_facilities_other" : null,
				"cs_heat_vulnerable" : "Young children,Older people,Pregnant women",
				"cs_heat_vulnerable_other" : null,
				"cs_indoor_site_id" : 706,
				"cs_max_seating" : 20,
				"cs_name" : "Hanworth Air Park Leisure Centre and Library",
				"cs_opening_hours" : "Monday: 9:30am to 8pmTuesday: 9:30am to 5:30pmWednesday: Closed Thursday: 9:30am to 8pmFriday: ClosedSaturday: 9:30am to 5:30pmSunday: Closed",
				"cs_postcode" : "TW13 5EG",
				"cs_toilets_available" : "available on site",
				"cs_wheelchair_access" : "yes",
				"has_drinking_water" : "yes",
				"has_seating" : "yes",
				"indoor_cooling_temp" : "26c_or_less",
				"is_free_of_charge" : "yes",
				"is_staffed_when_open" : "yes",
				"org_name" : "London Borough of Hounslow",
				"runtime" : 20250724,
				"Tier" : "Tier 2",
				"x" : 512016.8,
				"y" : 172544.3
			}
		},
		{
			"type" : "Feature",
			"geometry" : {
				"type" : "Point",
				"coordinates" : [ 0.2370624117, 51.6036602623 ]
			},
			"properties" : {
				"objectid" : 296,
				"Approve" : "Yes",
				"cs_address_one" : "Petersfield Avenue",
				"cs_address_two" : "Harold Hill",
				"cs_borough" : "Havering",
				"cs_cooling_facilities" : null,
				"cs_cooling_facilities_other" : null,
				"cs_heat_vulnerable" : null,
				"cs_heat_vulnerable_other" : null,
				"cs_indoor_site_id" : 713,
				"cs_max_seating" : 50,
				"cs_name" : "Salvation Army Centre (Harold Hill)",
				"cs_opening_hours" : "Monday 10am – 2pm Tuesday 10am – 1pm - Coffee Morning",
				"cs_postcode" : "RM3 9PP",
				"cs_toilets_available" : "available on site",
				"cs_wheelchair_access" : "yes",
				"has_drinking_water" : "yes",
				"has_seating" : "yes",
				"indoor_cooling_temp" : "cannot_guarantee_26c",
				"is_free_of_charge" : "yes",
				"is_staffed_when_open" : "yes",
				"org_name" : "Salvation Army",
				"runtime" : 20250805,
				"Tier" : "Tier 2",
				"x" : 555018.66,
				"y" : 191794.67
			}
		},
		{
			"type" : "Feature",
			"geometry" : {
				"type" : "Point",
				"coordinates" : [ -0.2290560381, 51.546904198 ]
			},
			"properties" : {
				"objectid" : 293,
				"Approve" : "Yes",
				"cs_address_one" : "95 High Road",
				"cs_address_two" : "Willesden",
				"cs_borough" : "Brent",
				"cs_cooling_facilities" : "Natural cooling/ventilation",
				"cs_cooling_facilities_other" : null,
				"cs_heat_vulnerable" : "Young children,Older people,Pregnant women",
				"cs_heat_vulnerable_other" : null,
				"cs_indoor_site_id" : 710,
				"cs_max_seating" : 300,
				"cs_name" : "Library at Willesden Green",
				"cs_opening_hours" : "Monday - Friday 10:30am -8pm  Saturday - 10:30am -5pm Sunday - 12pm -5pm Closed on  Bank Holidays",
				"cs_postcode" : "NW10 2SF",
				"cs_toilets_available" : "available on site",
				"cs_wheelchair_access" : "yes",
				"has_drinking_water" : "yes",
				"has_seating" : "yes",
				"indoor_cooling_temp" : "cannot_guarantee_26c",
				"is_free_of_charge" : "yes",
				"is_staffed_when_open" : "yes",
				"org_name" : "Brent Libraries",
				"runtime" : 20250805,
				"Tier" : "Tier 1",
				"x" : 522894,
				"y" : 184598
			}
		},
		{
			"type" : "Feature",
			"geometry" : {
				"type" : "Point",
				"coordinates" : [ -0.2816603505, 51.5590435383 ]
			},
			"properties" : {
				"objectid" : 294,
				"Approve" : "Yes",
				"cs_address_one" : "Brent Civic Centre, Engineers Way,",
				"cs_address_two" : "Wembley",
				"cs_borough" : "Brent",
				"cs_cooling_facilities" : "Natural cooling/ventilation",
				"cs_cooling_facilities_other" : null,
				"cs_heat_vulnerable" : "Young children,Older people,Pregnant women",
				"cs_heat_vulnerable_other" : null,
				"cs_indoor_site_id" : 711,
				"cs_max_seating" : 200,
				"cs_name" : "Wembley Library",
				"cs_opening_hours" : "Monday to Friday: 10:30am to 8pm Saturday: 10:30am to 5pm Sunday: 12pm to 5pm Closed on Bank Holidays",
				"cs_postcode" : "HA9 0FJ",
				"cs_toilets_available" : "available on site",
				"cs_wheelchair_access" : "yes",
				"has_drinking_water" : "yes",
				"has_seating" : "yes",
				"indoor_cooling_temp" : "cannot_guarantee_26c",
				"is_free_of_charge" : "yes",
				"is_staffed_when_open" : "yes",
				"org_name" : "Brent Libraries",
				"runtime" : 20250805,
				"Tier" : "Tier 1",
				"x" : 519215,
				"y" : 185861
			}
		},
		{
			"type" : "Feature",
			"geometry" : {
				"type" : "Point",
				"coordinates" : [ 0.2192724102, 51.6054833544 ]
			},
			"properties" : {
				"objectid" : 295,
				"Approve" : "Yes",
				"cs_address_one" : "Chippenham Road",
				"cs_address_two" : "Harold Hill",
				"cs_borough" : "Havering",
				"cs_cooling_facilities" : null,
				"cs_cooling_facilities_other" : null,
				"cs_heat_vulnerable" : null,
				"cs_heat_vulnerable_other" : null,
				"cs_indoor_site_id" : 712,
				"cs_max_seating" : 50,
				"cs_name" : "St Georges Church",
				"cs_opening_hours" : "Mondays and Thursday  10am – 2pm",
				"cs_postcode" : "RM3 8HX",
				"cs_toilets_available" : "available on site",
				"cs_wheelchair_access" : "yes",
				"has_drinking_water" : "yes",
				"has_seating" : "yes",
				"indoor_cooling_temp" : "cannot_guarantee_26c",
				"is_free_of_charge" : "yes",
				"is_staffed_when_open" : "yes",
				"org_name" : "St Georges Church",
				"runtime" : 20250805,
				"Tier" : "Tier 2",
				"x" : 553780.58,
				"y" : 191959.8
			}
		},
		{
			"type" : "Feature",
			"geometry" : {
				"type" : "Point",
				"coordinates" : [ 0.1041564358, 51.6080428973 ]
			},
			"properties" : {
				"objectid" : 301,
				"Approve" : "Yes",
				"cs_address_one" : "100 Manford Way",
				"cs_address_two" : "Chigwell",
				"cs_borough" : "Redbridge",
				"cs_cooling_facilities" : "Stand up fans,Natural cooling/ventilation",
				"cs_cooling_facilities_other" : null,
				"cs_heat_vulnerable" : "Young children,Older people,Pregnant women",
				"cs_heat_vulnerable_other" : null,
				"cs_indoor_site_id" : 718,
				"cs_max_seating" : 30,
				"cs_name" : "Hainault Library",
				"cs_opening_hours" : "Monday: 10:00 am - 6:00 pm Tuesday: 10:00 am - 6:00 pm Wednesday: Closed Thursday: 10:00 am - 6:00 pm Friday: 10:00 am - 6:00 pm Saturday: 10:00 am - 5:00 pm Sunday: Closed Public Holidays: Closed",
				"cs_postcode" : "IG7 4DD",
				"cs_toilets_available" : "not available",
				"cs_wheelchair_access" : "yes",
				"has_drinking_water" : "yes",
				"has_seating" : "yes",
				"indoor_cooling_temp" : "cannot_guarantee_26c",
				"is_free_of_charge" : "yes",
				"is_staffed_when_open" : "yes",
				"org_name" : "Vision Redbridge Culture & Leisure",
				"runtime" : 20250808,
				"Tier" : "Tier 2",
				"x" : 545801.3,
				"y" : 192008.7
			}
		},
		{
			"type" : "Feature",
			"geometry" : {
				"type" : "Point",
				"coordinates" : [ 0.0700708848, 51.5776355075 ]
			},
			"properties" : {
				"objectid" : 304,
				"Approve" : "Yes",
				"cs_address_one" : "490 Cranbrook Road",
				"cs_address_two" : "Ilford",
				"cs_borough" : "Redbridge",
				"cs_cooling_facilities" : "Stand up fans",
				"cs_cooling_facilities_other" : null,
				"cs_heat_vulnerable" : "Young children,Older people,Pregnant women",
				"cs_heat_vulnerable_other" : null,
				"cs_indoor_site_id" : 721,
				"cs_max_seating" : 30,
				"cs_name" : "Gants Hill Library",
				"cs_opening_hours" : "Monday: 10:00 am - 6:00 pm Tuesday: 10:00 am - 6:00 pm Wednesday: 10:00 am - 8:00 pm Thursday: 10:00 am - 6:00 pm Friday: 10:00 am - 6:00 pm Saturday: 10:00 am - 5:00 pm Sunday: Closed Public Holidays: Closed",
				"cs_postcode" : "IG2 6LA",
				"cs_toilets_available" : "available on site",
				"cs_wheelchair_access" : "yes",
				"has_drinking_water" : "yes",
				"has_seating" : "yes",
				"indoor_cooling_temp" : "cannot_guarantee_26c",
				"is_free_of_charge" : "yes",
				"is_staffed_when_open" : "yes",
				"org_name" : "Vision Redbridge Culture & Leisure",
				"runtime" : 20250808,
				"Tier" : "Tier 1",
				"x" : 543537,
				"y" : 188560
			}
		},
		{
			"type" : "Feature",
			"geometry" : {
				"type" : "Point",
				"coordinates" : [ 0.0993228687, 51.5646255832 ]
			},
			"properties" : {
				"objectid" : 299,
				"Approve" : "Yes",
				"cs_address_one" : "679 High Road",
				"cs_address_two" : "Ilford, Essex",
				"cs_borough" : "Redbridge",
				"cs_cooling_facilities" : "Air conditioning",
				"cs_cooling_facilities_other" : null,
				"cs_heat_vulnerable" : "Young children,Older people,Pregnant women",
				"cs_heat_vulnerable_other" : null,
				"cs_indoor_site_id" : 716,
				"cs_max_seating" : 10,
				"cs_name" : "Seven Kings Library",
				"cs_opening_hours" : "Monday: Closed Tuesday: 10:00 am - 6:00 pm Wednesday: 10:00 am - 6:00 pm Thursday: 10:00 am - 6:00 pm Friday: 10:00 am - 6:00 pm Saturday: 10:00 am - 2:00 pm Sunday: 10:00 am - 2:00 pm",
				"cs_postcode" : "IG3 8RQ",
				"cs_toilets_available" : "short walk and signposted from the site",
				"cs_wheelchair_access" : "yes",
				"has_drinking_water" : "yes",
				"has_seating" : "yes",
				"indoor_cooling_temp" : "cannot_guarantee_26c",
				"is_free_of_charge" : "yes",
				"is_staffed_when_open" : "yes",
				"org_name" : "Vision Redbridge Culture & Leisure",
				"runtime" : 20250808,
				"Tier" : "Tier 2",
				"x" : 545605.3,
				"y" : 187171.1
			}
		},
		{
			"type" : "Feature",
			"geometry" : {
				"type" : "Point",
				"coordinates" : [ 0.0251495786, 51.5752092695 ]
			},
			"properties" : {
				"objectid" : 300,
				"Approve" : "Yes",
				"cs_address_one" : "Spratt Hall Road",
				"cs_address_two" : "London",
				"cs_borough" : "Redbridge",
				"cs_cooling_facilities" : "Stand up fans,Natural cooling/ventilation",
				"cs_cooling_facilities_other" : null,
				"cs_heat_vulnerable" : "Young children,Older people,Pregnant women",
				"cs_heat_vulnerable_other" : null,
				"cs_indoor_site_id" : 717,
				"cs_max_seating" : 40,
				"cs_name" : "Wanstead Library",
				"cs_opening_hours" : "Monday: 10:00 am - 6:00 pm Tuesday: 10:00 am - 6:00 pm Wednesday: 10:00 am - 8:00 pm Thursday: 10:00 am - 6:00 pm Friday: 10:00 am - 6:00 pm Saturday: 10:00 am - 5:00 pm Sunday: Closed Public Holidays: Closed",
				"cs_postcode" : "E11 2RQ",
				"cs_toilets_available" : "available on site",
				"cs_wheelchair_access" : "yes",
				"has_drinking_water" : "yes",
				"has_seating" : "yes",
				"indoor_cooling_temp" : "cannot_guarantee_26c",
				"is_free_of_charge" : "yes",
				"is_staffed_when_open" : "yes",
				"org_name" : "Vision Redbridge Culture & Leisure",
				"runtime" : 20250808,
				"Tier" : "Tier 1",
				"x" : 540432,
				"y" : 188203
			}
		},
		{
			"type" : "Feature",
			"geometry" : {
				"type" : "Point",
				"coordinates" : [ 0.1314014017, 51.6131885257 ]
			},
			"properties" : {
				"objectid" : 298,
				"Approve" : "Yes",
				"cs_address_one" : "Romford Road",
				"cs_address_two" : "Chigwell",
				"cs_borough" : "Redbridge",
				"cs_cooling_facilities" : "Natural cooling/ventilation",
				"cs_cooling_facilities_other" : null,
				"cs_heat_vulnerable" : "Young children,Older people,Pregnant women",
				"cs_heat_vulnerable_other" : null,
				"cs_indoor_site_id" : 715,
				"cs_max_seating" : 40,
				"cs_name" : "Hainault Forest - 1856 Cafe and Visitor Centre",
				"cs_opening_hours" : "Mon - Sun 9am - 5pm",
				"cs_postcode" : "IG7 4QN",
				"cs_toilets_available" : "available on site",
				"cs_wheelchair_access" : "yes",
				"has_drinking_water" : "yes",
				"has_seating" : "yes",
				"indoor_cooling_temp" : "cannot_guarantee_26c",
				"is_free_of_charge" : "yes",
				"is_staffed_when_open" : "yes",
				"org_name" : "Vision Redbridge Culture & Leisure",
				"runtime" : 20250808,
				"Tier" : "Tier 1",
				"x" : 547671.03,
				"y" : 192635.52
			}
		},
		{
			"type" : "Feature",
			"geometry" : {
				"type" : "Point",
				"coordinates" : [ -0.3634733562, 51.4282941013 ]
			},
			"properties" : {
				"objectid" : 292,
				"Approve" : "Yes",
				"cs_address_one" : "St James's Road",
				"cs_address_two" : "Hampton Hill",
				"cs_borough" : "Richmond upon Thames",
				"cs_cooling_facilities" : "Natural cooling/ventilation,Other",
				"cs_cooling_facilities_other" : "The church has a high ceiling, (i.e. heat rises), and stained glass that restricts sunlight, keeping in the building cooler",
				"cs_heat_vulnerable" : null,
				"cs_heat_vulnerable_other" : null,
				"cs_indoor_site_id" : 709,
				"cs_max_seating" : 150,
				"cs_name" : "St James's Church",
				"cs_opening_hours" : "Mon, Wed, Fri: 0930-1430 Tue, Thu: 1230-1730 Closed on Bank Holidays",
				"cs_postcode" : "TW12 1DQ",
				"cs_toilets_available" : "available on site",
				"cs_wheelchair_access" : "yes",
				"has_drinking_water" : "yes",
				"has_seating" : "yes",
				"indoor_cooling_temp" : "cannot_guarantee_26c",
				"is_free_of_charge" : "yes",
				"is_staffed_when_open" : "yes",
				"org_name" : "St James's Church",
				"runtime" : 20250805,
				"Tier" : "Tier 2",
				"x" : 513869,
				"y" : 171191
			}
		},
		{
			"type" : "Feature",
			"geometry" : {
				"type" : "Point",
				"coordinates" : [ 0.1213178632, 51.5743836585 ]
			},
			"properties" : {
				"objectid" : 303,
				"Approve" : "Yes",
				"cs_address_one" : "Grove Road",
				"cs_address_two" : "Romford",
				"cs_borough" : "Redbridge",
				"cs_cooling_facilities" : "Air conditioning",
				"cs_cooling_facilities_other" : null,
				"cs_heat_vulnerable" : "Young children,Older people,Pregnant women",
				"cs_heat_vulnerable_other" : null,
				"cs_indoor_site_id" : 720,
				"cs_max_seating" : 20,
				"cs_name" : "Keith Axon Centre Library",
				"cs_opening_hours" : "Monday: 10:00 am - 6:00 pm Tuesday: Closed Wednesday: 10:00 am - 6:00 pm Thursday: Closed Friday: 10:00 am - 1:00 pm Saturday: 10:00 am - 4:00 pm Sunday: Closed Public Holidays: Closed",
				"cs_postcode" : "RM6 4XB",
				"cs_toilets_available" : "available on site",
				"cs_wheelchair_access" : "yes",
				"has_drinking_water" : "yes",
				"has_seating" : "yes",
				"indoor_cooling_temp" : "26c_or_less",
				"is_free_of_charge" : "yes",
				"is_staffed_when_open" : "yes",
				"org_name" : "Vision Redbridge Culture & Leisure",
				"runtime" : 20250808,
				"Tier" : "Tier 2",
				"x" : 547098.21,
				"y" : 188300.21
			}
		},
		{
			"type" : "Feature",
			"geometry" : {
				"type" : "Point",
				"coordinates" : [ 0.108990986, 51.5594025432 ]
			},
			"properties" : {
				"objectid" : 302,
				"Approve" : "Yes",
				"cs_address_one" : "76 Goodmayes Lane",
				"cs_address_two" : "Ilford",
				"cs_borough" : "Redbridge",
				"cs_cooling_facilities" : "Stand up fans,Natural cooling/ventilation",
				"cs_cooling_facilities_other" : null,
				"cs_heat_vulnerable" : "Young children,Older people,Pregnant women",
				"cs_heat_vulnerable_other" : null,
				"cs_indoor_site_id" : 719,
				"cs_max_seating" : 30,
				"cs_name" : "Goodmayes library",
				"cs_opening_hours" : "Monday: 10:00 am - 6:00 pm Tuesday: 10:00 am - 6:00 pm Wednesday: Closed Thursday: 10:00 am - 6:00 pm Friday: 10:00 am - 6:00 pm Saturday: 10:00 am - 5:00 pm Sunday: Closed Public Holidays: Closed",
				"cs_postcode" : "IG3 9QB",
				"cs_toilets_available" : "available on site",
				"cs_wheelchair_access" : "yes",
				"has_drinking_water" : "yes",
				"has_seating" : "yes",
				"indoor_cooling_temp" : "cannot_guarantee_26c",
				"is_free_of_charge" : "yes",
				"is_staffed_when_open" : "yes",
				"org_name" : "Vision Redbridge Culture & Leisure",
				"runtime" : 20250808,
				"Tier" : "Tier 1",
				"x" : 546292.1,
				"y" : 186609.58
			}
		},
		{
			"type" : "Feature",
			"geometry" : {
				"type" : "Point",
				"coordinates" : [ -0.23754, 51.48027 ]
			},
			"properties" : {
				"objectid" : 151,
				"Approve" : "Yes",
				"cs_address_one" : "75 Castelnau",
				"cs_address_two" : null,
				"cs_borough" : "Richmond upon Thames",
				"cs_cooling_facilities" : "Natural cooling/ventilation",
				"cs_cooling_facilities_other" : null,
				"cs_heat_vulnerable" : " young children, older people, pregnant women ",
				"cs_heat_vulnerable_other" : null,
				"cs_indoor_site_id" : 47,
				"cs_max_seating" : 35,
				"cs_name" : "Castelnau Library",
				"cs_opening_hours" : "Monday 9:30 AM to 6:00 PM, Tuesday 9:30 AM to 6:00 PM, Wednesday 10:00 AM - 7:00 PM, Thursday CLOSED, Friday 9:30 AM to 6:00 PM, Saturday 9:30 AM - 4:00 PM, Sunday CLOSED",
				"cs_postcode" : null,
				"cs_toilets_available" : "Available on site",
				"cs_wheelchair_access" : "Yes",
				"has_drinking_water" : "Yes",
				"has_seating" : "Yes",
				"indoor_cooling_temp" : "I don’t know/ it’s not possible to  monitor indoor temperature",
				"is_free_of_charge" : "yes",
				"is_staffed_when_open" : "Yes",
				"org_name" : "Richmond upon Thames Library Service",
				"runtime" : 20250530,
				"Tier" : "Tier 2",
				"x" : 522484.29903988,
				"y" : 177173.910287315
			}
		},
		{
			"type" : "Feature",
			"geometry" : {
				"type" : "Point",
				"coordinates" : [ -0.30675, 51.45867 ]
			},
			"properties" : {
				"objectid" : 163,
				"Approve" : "Yes",
				"cs_address_one" : "Old Town Hall",
				"cs_address_two" : null,
				"cs_borough" : "Richmond upon Thames",
				"cs_cooling_facilities" : "Natural cooling/ventilation",
				"cs_cooling_facilities_other" : null,
				"cs_heat_vulnerable" : " young children, older people, pregnant women ",
				"cs_heat_vulnerable_other" : null,
				"cs_indoor_site_id" : 52,
				"cs_max_seating" : 50,
				"cs_name" : "Richmond Reference Library",
				"cs_opening_hours" : "Monday 9:30 AM to 7:00 PM, Tuesday 9:30 AM to 6:00 PM, Wednesday 10:00 AM - 7:00 PM, Thursday 9:30 AM to 6:00 PM, Friday 9:30 AM to 6:00 PM, Saturday 9:30 AM - 4:00 PM, Sunday CLOSED",
				"cs_postcode" : null,
				"cs_toilets_available" : "Available on site",
				"cs_wheelchair_access" : "Yes",
				"has_drinking_water" : "Yes",
				"has_seating" : "Yes",
				"indoor_cooling_temp" : "I don’t know/ it’s not possible to  monitor indoor temperature",
				"is_free_of_charge" : "yes",
				"is_staffed_when_open" : "Yes",
				"org_name" : "Richmond upon Thames Library Service",
				"runtime" : 20250530,
				"Tier" : "Tier 1",
				"x" : 517734.092210333,
				"y" : 174658.588638368
			}
		},
		{
			"type" : "Feature",
			"geometry" : {
				"type" : "Point",
				"coordinates" : [ -0.37036, 51.41425 ]
			},
			"properties" : {
				"objectid" : 158,
				"Approve" : "Yes",
				"cs_address_one" : "Rosehill",
				"cs_address_two" : null,
				"cs_borough" : "Richmond upon Thames",
				"cs_cooling_facilities" : "Natural cooling/ventilation",
				"cs_cooling_facilities_other" : null,
				"cs_heat_vulnerable" : " young children, older people, pregnant women ",
				"cs_heat_vulnerable_other" : null,
				"cs_indoor_site_id" : 54,
				"cs_max_seating" : 13,
				"cs_name" : "Hampton Library",
				"cs_opening_hours" : "Monday 9:30 AM to 6:00 PM, Tuesday 9:30 AM to 6:00 PM, Wednesday 10:00 AM - 7:00 PM, Thursday CLOSED, Friday 9:30 AM to 6:00 PM, Saturday 9:30 AM - 4:00 PM, Sunday CLOSED",
				"cs_postcode" : null,
				"cs_toilets_available" : "Available on site",
				"cs_wheelchair_access" : "Yes",
				"has_drinking_water" : "Yes",
				"has_seating" : "Yes",
				"indoor_cooling_temp" : "I don’t know/ it’s not possible to  monitor indoor temperature",
				"is_free_of_charge" : "yes",
				"is_staffed_when_open" : "Yes",
				"org_name" : "Richmond upon Thames Library Service",
				"runtime" : 20250530,
				"Tier" : "Tier 2",
				"x" : 513424.993549063,
				"y" : 169618.551913775
			}
		},
		{
			"type" : "Feature",
			"geometry" : {
				"type" : "Point",
				"coordinates" : [ -0.2308761162, 51.5401422686 ]
			},
			"properties" : {
				"objectid" : 306,
				"Approve" : "Yes",
				"cs_address_one" : "Donnington Rd",
				"cs_address_two" : "Willesden",
				"cs_borough" : "Brent",
				"cs_cooling_facilities" : "Natural cooling/ventilation",
				"cs_cooling_facilities_other" : null,
				"cs_heat_vulnerable" : "Young children,Older people",
				"cs_heat_vulnerable_other" : null,
				"cs_indoor_site_id" : 723,
				"cs_max_seating" : 50,
				"cs_name" : "Willesden Sports Centre",
				"cs_opening_hours" : "Mon to Fri 6:30 - 22:30 Sat & Sun 8:00 - 18:00 Bank holiday 10:00 - 19:00",
				"cs_postcode" : "NW10 3QX",
				"cs_toilets_available" : "available on site",
				"cs_wheelchair_access" : "yes",
				"has_drinking_water" : "yes",
				"has_seating" : "yes",
				"indoor_cooling_temp" : "cannot_guarantee_26c",
				"is_free_of_charge" : "yes",
				"is_staffed_when_open" : "yes",
				"org_name" : "1Life Willesden Sports Centre",
				"runtime" : 20250919,
				"Tier" : "Tier 1",
				"x" : 522786,
				"y" : 183843
			}
		},
		{
			"type" : "Feature",
			"geometry" : {
				"type" : "Point",
				"coordinates" : [ 0.0273237332, 51.4609335036 ]
			},
			"properties" : {
				"objectid" : 305,
				"Approve" : "Yes",
				"cs_address_one" : "8 Pegler Square",
				"cs_address_two" : "Kidbrooke",
				"cs_borough" : "Greenwich",
				"cs_cooling_facilities" : "Air conditioning",
				"cs_cooling_facilities_other" : null,
				"cs_heat_vulnerable" : "Young children,Older people,Pregnant women",
				"cs_heat_vulnerable_other" : null,
				"cs_indoor_site_id" : 722,
				"cs_max_seating" : 100,
				"cs_name" : "Kidbrooke community hub",
				"cs_opening_hours" : "Monday - Friday 8am till 6pm Sat 8am till 12 noon Sunday 8am till 1pm",
				"cs_postcode" : "SE3 9GR",
				"cs_toilets_available" : "available on site",
				"cs_wheelchair_access" : "yes",
				"has_drinking_water" : "yes",
				"has_seating" : "yes",
				"indoor_cooling_temp" : "26c_or_less",
				"is_free_of_charge" : "yes",
				"is_staffed_when_open" : "yes",
				"org_name" : "GCDA - Kidbrooke Community Hub",
				"runtime" : 20250813,
				"Tier" : "Tier 1",
				"x" : 540934.79,
				"y" : 175499.68
			}
		},
		{
			"type" : "Feature",
			"geometry" : {
				"type" : "Point",
				"coordinates" : [ -0.0938797568, 51.5187430813 ]
			},
			"properties" : {
				"objectid" : 307,
				"Approve" : "Yes",
				"cs_address_one" : "Fore St (Barbican)",
				"cs_address_two" : "London",
				"cs_borough" : "City of London",
				"cs_cooling_facilities" : "Natural cooling/ventilation",
				"cs_cooling_facilities_other" : null,
				"cs_heat_vulnerable" : "Young children,Older people,Pregnant women",
				"cs_heat_vulnerable_other" : null,
				"cs_indoor_site_id" : 724,
				"cs_max_seating" : 400,
				"cs_name" : "St Giles’ Church Cripplegate",
				"cs_opening_hours" : "Sunday - Weds and Friday: 0800-1800 Thursday and Saturday: 1000–1600 (often longer)",
				"cs_postcode" : "EC2Y 8DA",
				"cs_toilets_available" : "available on site",
				"cs_wheelchair_access" : "yes",
				"has_drinking_water" : "yes",
				"has_seating" : "yes",
				"indoor_cooling_temp" : "26c_or_less",
				"is_free_of_charge" : "yes",
				"is_staffed_when_open" : "yes",
				"org_name" : "St Giles’ Church, Cripplegate",
				"runtime" : 20250919,
				"Tier" : "Tier 1",
				"x" : 532348,
				"y" : 181702
			}
		},
		{
			"type" : "Feature",
			"geometry" : {
				"type" : "Point",
				"coordinates" : [ -0.0919058573, 51.5152757338 ]
			},
			"properties" : {
				"objectid" : 308,
				"Approve" : "Yes",
				"cs_address_one" : "Guildhall Yard",
				"cs_address_two" : null,
				"cs_borough" : "City of London",
				"cs_cooling_facilities" : "Air conditioning",
				"cs_cooling_facilities_other" : null,
				"cs_heat_vulnerable" : "Young children,Pregnant women",
				"cs_heat_vulnerable_other" : null,
				"cs_indoor_site_id" : 725,
				"cs_max_seating" : 27,
				"cs_name" : "Guildhall Art Gallery & London's Roman Amphitheatre",
				"cs_opening_hours" : "Monday-Sunday: 10am to 5pm",
				"cs_postcode" : "EC2V 5AE",
				"cs_toilets_available" : "available on site",
				"cs_wheelchair_access" : "yes",
				"has_drinking_water" : "yes",
				"has_seating" : "yes",
				"indoor_cooling_temp" : "cannot_guarantee_26c",
				"is_free_of_charge" : "yes",
				"is_staffed_when_open" : "yes",
				"org_name" : "City of London Corporation",
				"runtime" : 20250919,
				"Tier" : "Tier 1",
				"x" : 532495,
				"y" : 181320
			}
		},
		{
			"type" : "Feature",
			"geometry" : {
				"type" : "Point",
				"coordinates" : [ -0.1068, 51.51562 ]
			},
			"properties" : {
				"objectid" : 75,
				"Approve" : "Yes",
				"cs_address_one" : "1 Little New Street",
				"cs_address_two" : null,
				"cs_borough" : "City of London",
				"cs_cooling_facilities" : "Air conditioning",
				"cs_cooling_facilities_other" : null,
				"cs_heat_vulnerable" : "young children,older people,pregnant women",
				"cs_heat_vulnerable_other" : null,
				"cs_indoor_site_id" : 116,
				"cs_max_seating" : 30,
				"cs_name" : "Shoe Lane Library",
				"cs_opening_hours" : "Mon/Wed/Thurs/Fri- 9.30-5.30, Tue 9.30-6.30",
				"cs_postcode" : "EC4A 3JR",
				"cs_toilets_available" : "Not available",
				"cs_wheelchair_access" : "Yes",
				"has_drinking_water" : "Yes",
				"has_seating" : "Yes",
				"indoor_cooling_temp" : "Indoor temperature of 26C or less",
				"is_free_of_charge" : "Yes",
				"is_staffed_when_open" : "Yes",
				"org_name" : "Barbican & Community Libraries",
				"runtime" : 20250527,
				"Tier" : "Tier 2",
				"x" : 531460.624582545,
				"y" : 181331.442180455
			}
		}
	]
}